-- MySQL dump 10.13  Distrib 8.0.34, for Win64 (x86_64)
--
-- Host: 154.49.247.103    Database: u290214683_rossi
-- ------------------------------------------------------
-- Server version	5.5.5-10.11.10-MariaDB

/*!40101 SET @OLD_CHARACTER_SET_CLIENT=@@CHARACTER_SET_CLIENT */;
/*!40101 SET @OLD_CHARACTER_SET_RESULTS=@@CHARACTER_SET_RESULTS */;
/*!40101 SET @OLD_COLLATION_CONNECTION=@@COLLATION_CONNECTION */;
/*!50503 SET NAMES utf8mb4 */;
/*!40103 SET @OLD_TIME_ZONE=@@TIME_ZONE */;
/*!40103 SET TIME_ZONE='+00:00' */;
/*!40014 SET @OLD_UNIQUE_CHECKS=@@UNIQUE_CHECKS, UNIQUE_CHECKS=0 */;
/*!40014 SET @OLD_FOREIGN_KEY_CHECKS=@@FOREIGN_KEY_CHECKS, FOREIGN_KEY_CHECKS=0 */;
/*!40101 SET @OLD_SQL_MODE=@@SQL_MODE, SQL_MODE='NO_AUTO_VALUE_ON_ZERO' */;
/*!40111 SET @OLD_SQL_NOTES=@@SQL_NOTES, SQL_NOTES=0 */;

--
-- Table structure for table `attribute_values`
--

DROP TABLE IF EXISTS `attribute_values`;
/*!40101 SET @saved_cs_client     = @@character_set_client */;
/*!50503 SET character_set_client = utf8mb4 */;
CREATE TABLE `attribute_values` (
  `id` int(11) NOT NULL AUTO_INCREMENT,
  `id_attribute` int(11) NOT NULL,
  `value` varchar(255) NOT NULL,
  `color` varchar(7) DEFAULT NULL,
  `created_at` timestamp NULL DEFAULT current_timestamp(),
  `updated_at` timestamp NULL DEFAULT current_timestamp() ON UPDATE current_timestamp(),
  PRIMARY KEY (`id`),
  KEY `id_attribute` (`id_attribute`),
  CONSTRAINT `attribute_values_ibfk_1` FOREIGN KEY (`id_attribute`) REFERENCES `attributes` (`id`) ON DELETE CASCADE
) ENGINE=InnoDB AUTO_INCREMENT=105 DEFAULT CHARSET=utf8mb4 COLLATE=utf8mb4_unicode_ci;
/*!40101 SET character_set_client = @saved_cs_client */;

--
-- Dumping data for table `attribute_values`
--

LOCK TABLES `attribute_values` WRITE;
/*!40000 ALTER TABLE `attribute_values` DISABLE KEYS */;
INSERT INTO `attribute_values` VALUES (40,9,'test','#00ff1e','2024-10-02 19:21:54','2024-10-02 19:21:54'),(57,10,'verde','#0aff47','2024-10-05 13:21:06','2024-10-05 13:21:06'),(75,2,'yellow','#FFFF00','2024-10-07 20:03:16','2024-10-07 20:03:16'),(76,2,'pink','#ff52f1','2024-10-07 20:03:16','2024-10-07 20:03:16'),(77,12,'azul','#051fe6','2024-10-07 20:04:08','2024-10-07 20:04:08'),(78,12,'naranja','#e97f07','2024-10-07 20:04:08','2024-10-07 20:04:08'),(79,11,'violeta','#ab0af5','2024-10-07 20:06:22','2024-10-07 20:06:22'),(95,1,'celeste','#00ebdb','2024-10-09 12:32:19','2024-10-09 12:32:19'),(96,1,'verde','#16c049','2024-10-09 12:32:19','2024-10-09 12:32:19'),(97,1,'amarillo','#e5e817','2024-10-09 12:32:19','2024-10-09 12:32:19'),(101,3,'verde','#2fff05','2024-10-10 17:45:25','2024-10-10 17:45:25'),(102,3,'rojo','#f90101','2024-10-10 17:45:25','2024-10-10 17:45:25'),(103,3,'azul','#133ad8','2024-10-10 17:45:25','2024-10-10 17:45:25');
/*!40000 ALTER TABLE `attribute_values` ENABLE KEYS */;
UNLOCK TABLES;

--
-- Table structure for table `attributes`
--

DROP TABLE IF EXISTS `attributes`;
/*!40101 SET @saved_cs_client     = @@character_set_client */;
/*!50503 SET character_set_client = utf8mb4 */;
CREATE TABLE `attributes` (
  `id` int(11) NOT NULL AUTO_INCREMENT,
  `id_attribute` int(11) DEFAULT NULL,
  `name` varchar(255) NOT NULL,
  `status` int(11) NOT NULL,
  `created_at` timestamp NULL DEFAULT current_timestamp(),
  `updated_at` timestamp NULL DEFAULT current_timestamp() ON UPDATE current_timestamp(),
  PRIMARY KEY (`id`),
  KEY `id_attribute` (`id_attribute`),
  KEY `status` (`status`),
  CONSTRAINT `attributes_ibfk_1` FOREIGN KEY (`id_attribute`) REFERENCES `attributes` (`id`) ON DELETE CASCADE,
  CONSTRAINT `attributes_ibfk_2` FOREIGN KEY (`status`) REFERENCES `status` (`id`)
) ENGINE=InnoDB AUTO_INCREMENT=17 DEFAULT CHARSET=utf8mb4 COLLATE=utf8mb4_unicode_ci;
/*!40101 SET character_set_client = @saved_cs_client */;

--
-- Dumping data for table `attributes`
--

LOCK TABLES `attributes` WRITE;
/*!40000 ALTER TABLE `attributes` DISABLE KEYS */;
INSERT INTO `attributes` VALUES (1,NULL,'Colores claros',2,'2024-09-26 01:04:38','2024-09-26 01:04:38'),(2,NULL,'Color Actualizado',2,'2024-09-26 01:07:51','2024-10-01 08:00:40'),(3,NULL,'test',2,'2024-10-02 14:26:44','2024-10-02 14:26:44'),(4,NULL,'Nuevo atributo',1,'2024-10-02 15:15:02','2024-10-02 16:52:35'),(9,NULL,'test validacion',2,'2024-10-02 19:19:56','2024-10-02 19:19:56'),(10,NULL,'test',2,'2024-10-03 20:51:47','2024-10-03 20:51:47'),(11,NULL,'test1',2,'2024-10-07 19:17:25','2024-10-07 19:17:25'),(12,NULL,'NuevoAtributoTest',2,'2024-10-07 20:04:08','2024-10-07 20:04:08');
/*!40000 ALTER TABLE `attributes` ENABLE KEYS */;
UNLOCK TABLES;

--
-- Table structure for table `cache`
--

DROP TABLE IF EXISTS `cache`;
/*!40101 SET @saved_cs_client     = @@character_set_client */;
/*!50503 SET character_set_client = utf8mb4 */;
CREATE TABLE `cache` (
  `key` varchar(255) NOT NULL,
  `value` mediumtext NOT NULL,
  `expiration` int(11) NOT NULL,
  PRIMARY KEY (`key`)
) ENGINE=InnoDB DEFAULT CHARSET=utf8mb4 COLLATE=utf8mb4_unicode_ci;
/*!40101 SET character_set_client = @saved_cs_client */;

--
-- Dumping data for table `cache`
--

LOCK TABLES `cache` WRITE;
/*!40000 ALTER TABLE `cache` DISABLE KEYS */;
/*!40000 ALTER TABLE `cache` ENABLE KEYS */;
UNLOCK TABLES;

--
-- Table structure for table `cache_locks`
--

DROP TABLE IF EXISTS `cache_locks`;
/*!40101 SET @saved_cs_client     = @@character_set_client */;
/*!50503 SET character_set_client = utf8mb4 */;
CREATE TABLE `cache_locks` (
  `key` varchar(255) NOT NULL,
  `owner` varchar(255) NOT NULL,
  `expiration` int(11) NOT NULL,
  PRIMARY KEY (`key`)
) ENGINE=InnoDB DEFAULT CHARSET=utf8mb4 COLLATE=utf8mb4_unicode_ci;
/*!40101 SET character_set_client = @saved_cs_client */;

--
-- Dumping data for table `cache_locks`
--

LOCK TABLES `cache_locks` WRITE;
/*!40000 ALTER TABLE `cache_locks` DISABLE KEYS */;
/*!40000 ALTER TABLE `cache_locks` ENABLE KEYS */;
UNLOCK TABLES;

--
-- Table structure for table `categories`
--

DROP TABLE IF EXISTS `categories`;
/*!40101 SET @saved_cs_client     = @@character_set_client */;
/*!50503 SET character_set_client = utf8mb4 */;
CREATE TABLE `categories` (
  `id` int(11) NOT NULL AUTO_INCREMENT,
  `id_category` int(11) DEFAULT NULL,
  `category` varchar(255) NOT NULL,
  `img` varchar(255) DEFAULT NULL,
  `sub_img` varchar(255) DEFAULT NULL,
  `video` varchar(255) DEFAULT NULL,
  `icon` varchar(255) DEFAULT NULL,
  `color` varchar(7) DEFAULT NULL,
  `status` int(11) NOT NULL,
  `grid` longtext CHARACTER SET utf8mb4 COLLATE utf8mb4_bin DEFAULT NULL CHECK (json_valid(`grid`)),
  `created_at` timestamp NULL DEFAULT current_timestamp(),
  `updated_at` timestamp NULL DEFAULT current_timestamp() ON UPDATE current_timestamp(),
  PRIMARY KEY (`id`),
  KEY `id_category` (`id_category`),
  KEY `status` (`status`),
  CONSTRAINT `categories_ibfk_1` FOREIGN KEY (`id_category`) REFERENCES `categories` (`id`) ON DELETE SET NULL,
  CONSTRAINT `categories_ibfk_2` FOREIGN KEY (`status`) REFERENCES `status` (`id`)
) ENGINE=InnoDB AUTO_INCREMENT=4 DEFAULT CHARSET=utf8mb4 COLLATE=utf8mb4_unicode_ci;
/*!40101 SET character_set_client = @saved_cs_client */;

--
-- Dumping data for table `categories`
--

LOCK TABLES `categories` WRITE;
/*!40000 ALTER TABLE `categories` DISABLE KEYS */;
INSERT INTO `categories` VALUES (1,NULL,'Categoria prueba 2',NULL,NULL,NULL,NULL,'#aaa',2,NULL,'2024-12-26 22:05:26','2024-12-26 22:05:26'),(2,1,'Categoria test',NULL,NULL,NULL,NULL,'#aaa',2,NULL,'2025-01-14 21:09:12','2025-01-14 21:09:12'),(3,1,'Categoria test nuevo',NULL,NULL,NULL,NULL,'#aaa',2,NULL,'2025-01-14 21:09:31','2025-01-14 21:09:31');
/*!40000 ALTER TABLE `categories` ENABLE KEYS */;
UNLOCK TABLES;

--
-- Table structure for table `components`
--

DROP TABLE IF EXISTS `components`;
/*!40101 SET @saved_cs_client     = @@character_set_client */;
/*!50503 SET character_set_client = utf8mb4 */;
CREATE TABLE `components` (
  `id` int(11) NOT NULL AUTO_INCREMENT,
  `id_component` int(11) DEFAULT NULL,
  `name` varchar(255) NOT NULL,
  `img` varchar(255) DEFAULT NULL,
  `description` text DEFAULT NULL,
  `status` int(11) NOT NULL,
  `id_category` int(11) DEFAULT NULL,
  `created_at` timestamp NULL DEFAULT NULL,
  `updated_at` timestamp NULL DEFAULT NULL,
  PRIMARY KEY (`id`),
  KEY `status` (`status`),
  KEY `id_category` (`id_category`),
  KEY `id_component` (`id_component`),
  CONSTRAINT `components_ibfk_1` FOREIGN KEY (`status`) REFERENCES `status` (`id`),
  CONSTRAINT `components_ibfk_2` FOREIGN KEY (`id_category`) REFERENCES `categories` (`id`) ON DELETE SET NULL,
  CONSTRAINT `components_ibfk_3` FOREIGN KEY (`id_component`) REFERENCES `components` (`id`) ON DELETE SET NULL
) ENGINE=InnoDB AUTO_INCREMENT=30 DEFAULT CHARSET=utf8mb4 COLLATE=utf8mb4_unicode_ci;
/*!40101 SET character_set_client = @saved_cs_client */;

--
-- Dumping data for table `components`
--

LOCK TABLES `components` WRITE;
/*!40000 ALTER TABLE `components` DISABLE KEYS */;
INSERT INTO `components` VALUES (1,NULL,'Asiento','storage/components/images/1735418585_asiento.jpg',NULL,2,1,'2024-12-28 20:43:05','2024-12-28 20:43:05'),(2,1,'Asiento pequeño','storage/components/images/1735418724_asiento.jpg','asiento pequeño hijo',2,1,'2024-12-28 20:45:24','2024-12-28 20:45:24'),(3,1,'Asiento grande','storage/components/images/1735418994_asiento.jpg','asiento grande hijo',2,1,'2024-12-28 20:49:54','2024-12-28 20:49:54'),(4,NULL,'text','storage/components/images/1735925422_asiento.jpg',NULL,2,NULL,'2025-01-03 17:30:22','2025-01-03 17:30:22'),(5,NULL,'text','storage/components/images/1735925633_asiento.jpg',NULL,2,NULL,'2025-01-03 17:33:53','2025-01-03 17:33:53'),(6,5,'sub componente 1','storage/components/images/1735925633_estrella.jpg','sub componente description 1',2,NULL,'2025-01-03 17:33:53','2025-01-03 17:33:53'),(7,5,'sub componente 2','storage/components/images/1735925633_Ruedas.jpg','sub componente description 2',2,NULL,'2025-01-03 17:33:53','2025-01-03 17:33:53'),(8,NULL,'text','storage/components/images/1735930427_asiento.jpg',NULL,2,NULL,'2025-01-03 18:41:53','2025-01-03 18:53:47'),(9,8,'sub componente 1','storage/components/images/1735929713_estrella.jpg','sub componente description 1',2,1,'2025-01-03 18:41:53','2025-01-03 18:47:39'),(10,8,'sub componente 2 editado','C:\\xampp\\tmp\\php7A2E.tmp','sub componente description 2',2,1,'2025-01-03 18:41:54','2025-01-03 18:53:47'),(11,NULL,'text','storage/components/images/1735931516_asiento.jpg',NULL,2,1,'2025-01-03 18:54:57','2025-01-03 19:11:56'),(12,11,'sub componente 1','storage/components/images/1735930497_estrella.jpg','sub componente description 1',2,1,'2025-01-03 18:54:57','2025-01-03 18:54:57'),(13,11,'sub componente 2','storage/components/images/1735931516_subcomponent_Ruedas.jpg','sub componente description 2',2,1,'2025-01-03 18:54:57','2025-01-03 19:11:56'),(14,NULL,'text','storage/components/images/1735935722_asiento.jpg',NULL,2,1,'2025-01-03 20:22:02','2025-01-03 20:22:02'),(15,14,'sub componente 1','storage/components/images/1735935723_estrella.jpg','sub componente description 1',2,1,'2025-01-03 20:22:03','2025-01-03 20:22:03'),(16,14,'sub componente 2','storage/components/images/1735935723_Ruedas.jpg','sub componente description 2',2,1,'2025-01-03 20:22:03','2025-01-03 20:22:03'),(17,NULL,'text','storage/components/images/1735937419_asiento.jpg',NULL,2,1,'2025-01-03 20:50:19','2025-01-03 20:50:19'),(18,17,'sub componente 1','storage/components/images/1735937419_estrella.jpg','sub componente description 1',2,1,'2025-01-03 20:50:19','2025-01-03 20:50:19'),(19,17,'sub componente 2','storage/components/images/1735938260_subcomponent_mesas.jpg','sub componente description 2',2,1,'2025-01-03 20:50:19','2025-01-03 21:04:20'),(26,NULL,'text','storage/components/images/1735938254_asiento.jpg',NULL,2,1,'2025-01-03 21:04:14','2025-01-03 21:04:14'),(27,26,'sub componente 1','storage/components/images/1735938254_estrella.jpg','sub componente description 1',2,1,'2025-01-03 21:04:14','2025-01-03 21:04:14'),(28,26,'sub componente 2','storage/components/images/1735938255_Ruedas.jpg','sub componente description 2',2,1,'2025-01-03 21:04:15','2025-01-03 21:04:15'),(29,17,'nuevo sub componente','storage/components/images/1735938261_subcomponent_mesas.jpg','nuevo nuevo',2,NULL,'2025-01-03 21:04:21','2025-01-03 21:04:21');
/*!40000 ALTER TABLE `components` ENABLE KEYS */;
UNLOCK TABLES;

--
-- Table structure for table `distributors`
--

DROP TABLE IF EXISTS `distributors`;
/*!40101 SET @saved_cs_client     = @@character_set_client */;
/*!50503 SET character_set_client = utf8mb4 */;
CREATE TABLE `distributors` (
  `id` int(11) NOT NULL AUTO_INCREMENT,
  `name` varchar(150) NOT NULL,
  `address` varchar(255) NOT NULL,
  `number` varchar(255) NOT NULL,
  `locality_id` int(11) NOT NULL,
  `province_id` int(11) DEFAULT NULL,
  `locality` varchar(255) NOT NULL,
  `postal_code` varchar(10) DEFAULT NULL,
  `web_url` varchar(255) DEFAULT NULL,
  `phone` varchar(20) DEFAULT NULL,
  `whatsapp` varchar(20) DEFAULT NULL,
  `email` varchar(100) DEFAULT NULL,
  `instagram` varchar(100) DEFAULT NULL,
  `facebook` varchar(100) DEFAULT NULL,
  `status` int(11) NOT NULL,
  `position` longtext CHARACTER SET utf8mb4 COLLATE utf8mb4_bin DEFAULT NULL CHECK (json_valid(`position`)),
  `created_at` timestamp NULL DEFAULT current_timestamp(),
  `updated_at` timestamp NULL DEFAULT current_timestamp() ON UPDATE current_timestamp(),
  PRIMARY KEY (`id`),
  KEY `locality_id` (`locality_id`),
  KEY `fk_distributors_province_id` (`province_id`),
  CONSTRAINT `distributors_ibfk_1` FOREIGN KEY (`locality_id`) REFERENCES `localities` (`id`),
  CONSTRAINT `fk_distributors_province_id` FOREIGN KEY (`province_id`) REFERENCES `provinces` (`id`)
) ENGINE=InnoDB AUTO_INCREMENT=3 DEFAULT CHARSET=utf8mb4 COLLATE=utf8mb4_unicode_ci;
/*!40101 SET character_set_client = @saved_cs_client */;

--
-- Dumping data for table `distributors`
--

LOCK TABLES `distributors` WRITE;
/*!40000 ALTER TABLE `distributors` DISABLE KEYS */;
INSERT INTO `distributors` VALUES (1,'Distribuidora XY editado','Calle Falsa 123','12345',10,NULL,'Cañuelas','3456','https://www.distribuidorax.com','1234567890','1234567890','contacto@distribuidorax.com','distribuidoraxyz','distribuidoraxyz',2,'{\"lat\":\"20.000000000\",\"lng\":\"30.00000000000000\"}','2024-11-29 23:09:56','2025-01-06 20:15:46'),(2,'Distribuidora XY','Calle Falsa 123','12345',10,1,'Cañuelas','3456','https://www.distribuidorax.com','1234567890','1234567890','contacto@distribuidorax.com','distribuidoraxyz','distribuidoraxyz',2,'{\"lat\":\"20.000000000\",\"lng\":\"30.00000000000000\"}','2025-01-06 20:28:59','2025-01-06 20:28:59');
/*!40000 ALTER TABLE `distributors` ENABLE KEYS */;
UNLOCK TABLES;

--
-- Table structure for table `gallery_web_content_about`
--

DROP TABLE IF EXISTS `gallery_web_content_about`;
/*!40101 SET @saved_cs_client     = @@character_set_client */;
/*!50503 SET character_set_client = utf8mb4 */;
CREATE TABLE `gallery_web_content_about` (
  `id` bigint(20) unsigned NOT NULL AUTO_INCREMENT,
  `id_web_content_about` bigint(20) unsigned NOT NULL,
  `file` varchar(255) DEFAULT NULL,
  `created_at` timestamp NULL DEFAULT current_timestamp(),
  `updated_at` timestamp NULL DEFAULT current_timestamp() ON UPDATE current_timestamp(),
  PRIMARY KEY (`id`),
  KEY `fk_web_content_about` (`id_web_content_about`),
  CONSTRAINT `fk_web_content_about` FOREIGN KEY (`id_web_content_about`) REFERENCES `web_content_about` (`id`) ON DELETE CASCADE
) ENGINE=InnoDB AUTO_INCREMENT=7 DEFAULT CHARSET=utf8mb4 COLLATE=utf8mb4_unicode_ci;
/*!40101 SET character_set_client = @saved_cs_client */;

--
-- Dumping data for table `gallery_web_content_about`
--

LOCK TABLES `gallery_web_content_about` WRITE;
/*!40000 ALTER TABLE `gallery_web_content_about` DISABLE KEYS */;
INSERT INTO `gallery_web_content_about` VALUES (1,1,'storage/web_content_about/gallery/674a43522a666_1732920146.jpg','2024-11-29 22:42:26','2024-11-29 22:42:26'),(2,1,'storage/web_content_about/gallery/674a43524392a_1732920146.jpg','2024-11-29 22:42:26','2024-11-29 22:42:26'),(3,1,'storage/web_content_about/gallery/674a43525cd53_1732920146.png','2024-11-29 22:42:26','2024-11-29 22:42:26'),(4,1,'storage/web_content_about/gallery/674a4386c2733_1732920198.jpg','2024-11-29 22:43:18','2024-11-29 22:43:18'),(5,1,'storage/web_content_about/gallery/674a43f76b366_1732920311.png','2024-11-29 22:45:11','2024-11-29 22:45:11'),(6,1,'storage/web_content_about/gallery/674a43f783f8c_1732920311.png','2024-11-29 22:45:11','2024-11-29 22:45:11');
/*!40000 ALTER TABLE `gallery_web_content_about` ENABLE KEYS */;
UNLOCK TABLES;

--
-- Table structure for table `localities`
--

DROP TABLE IF EXISTS `localities`;
/*!40101 SET @saved_cs_client     = @@character_set_client */;
/*!50503 SET character_set_client = utf8mb4 */;
CREATE TABLE `localities` (
  `id` int(11) NOT NULL AUTO_INCREMENT,
  `name` varchar(100) NOT NULL,
  `province_id` int(11) NOT NULL,
  `created_at` timestamp NULL DEFAULT current_timestamp(),
  `updated_at` timestamp NULL DEFAULT current_timestamp() ON UPDATE current_timestamp(),
  PRIMARY KEY (`id`),
  KEY `province_id` (`province_id`),
  CONSTRAINT `localities_ibfk_1` FOREIGN KEY (`province_id`) REFERENCES `provinces` (`id`)
) ENGINE=InnoDB AUTO_INCREMENT=2383 DEFAULT CHARSET=utf8mb4 COLLATE=utf8mb4_general_ci;
/*!40101 SET character_set_client = @saved_cs_client */;

--
-- Dumping data for table `localities`
--

LOCK TABLES `localities` WRITE;
/*!40000 ALTER TABLE `localities` DISABLE KEYS */;
INSERT INTO `localities` VALUES (1,'25 de Mayo',1,'2024-08-13 17:08:22','2024-08-13 17:08:22'),(2,'3 de febrero',1,'2024-08-13 17:08:22','2024-08-13 17:08:22'),(3,'A. Alsina',1,'2024-08-13 17:08:22','2024-08-13 17:08:22'),(4,'A. Gonzáles Cháves',1,'2024-08-13 17:08:22','2024-08-13 17:08:22'),(5,'Aguas Verdes',1,'2024-08-13 17:08:22','2024-08-13 17:08:22'),(6,'Alberti',1,'2024-08-13 17:08:22','2024-08-13 17:08:22'),(7,'Arrecifes',1,'2024-08-13 17:08:22','2024-08-13 17:08:22'),(8,'Ayacucho',1,'2024-08-13 17:08:22','2024-08-13 17:08:22'),(9,'Azul',1,'2024-08-13 17:08:22','2024-08-13 17:08:22'),(10,'Bahía Blanca',1,'2024-08-13 17:08:22','2024-08-13 17:08:22'),(11,'Balcarce',1,'2024-08-13 17:08:22','2024-08-13 17:08:22'),(12,'Baradero',1,'2024-08-13 17:08:22','2024-08-13 17:08:22'),(13,'Benito Juárez',1,'2024-08-13 17:08:22','2024-08-13 17:08:22'),(14,'Berisso',1,'2024-08-13 17:08:22','2024-08-13 17:08:22'),(15,'Bolívar',1,'2024-08-13 17:08:22','2024-08-13 17:08:22'),(16,'Bragado',1,'2024-08-13 17:08:22','2024-08-13 17:08:22'),(17,'Brandsen',1,'2024-08-13 17:08:22','2024-08-13 17:08:22'),(18,'Campana',1,'2024-08-13 17:08:22','2024-08-13 17:08:22'),(19,'Cañuelas',1,'2024-08-13 17:08:22','2024-08-13 17:08:22'),(20,'Capilla del Señor',1,'2024-08-13 17:08:22','2024-08-13 17:08:22'),(21,'Capitán Sarmiento',1,'2024-08-13 17:08:22','2024-08-13 17:08:22'),(22,'Carapachay',1,'2024-08-13 17:08:22','2024-08-13 17:08:22'),(23,'Carhue',1,'2024-08-13 17:08:22','2024-08-13 17:08:22'),(24,'Cariló',1,'2024-08-13 17:08:22','2024-08-13 17:08:22'),(25,'Carlos Casares',1,'2024-08-13 17:08:22','2024-08-13 17:08:22'),(26,'Carlos Tejedor',1,'2024-08-13 17:08:22','2024-08-13 17:08:22'),(27,'Carmen de Areco',1,'2024-08-13 17:08:22','2024-08-13 17:08:22'),(28,'Carmen de Patagones',1,'2024-08-13 17:08:22','2024-08-13 17:08:22'),(29,'Castelli',1,'2024-08-13 17:08:22','2024-08-13 17:08:22'),(30,'Chacabuco',1,'2024-08-13 17:08:22','2024-08-13 17:08:22'),(31,'Chascomús',1,'2024-08-13 17:08:22','2024-08-13 17:08:22'),(32,'Chivilcoy',1,'2024-08-13 17:08:22','2024-08-13 17:08:22'),(33,'Colón',1,'2024-08-13 17:08:22','2024-08-13 17:08:22'),(34,'Coronel Dorrego',1,'2024-08-13 17:08:22','2024-08-13 17:08:22'),(35,'Coronel Pringles',1,'2024-08-13 17:08:22','2024-08-13 17:08:22'),(36,'Coronel Rosales',1,'2024-08-13 17:08:22','2024-08-13 17:08:22'),(37,'Coronel Suarez',1,'2024-08-13 17:08:22','2024-08-13 17:08:22'),(38,'Costa Azul',1,'2024-08-13 17:08:22','2024-08-13 17:08:22'),(39,'Costa Chica',1,'2024-08-13 17:08:22','2024-08-13 17:08:22'),(40,'Costa del Este',1,'2024-08-13 17:08:22','2024-08-13 17:08:22'),(41,'Costa Esmeralda',1,'2024-08-13 17:08:22','2024-08-13 17:08:22'),(42,'Daireaux',1,'2024-08-13 17:08:22','2024-08-13 17:08:22'),(43,'Darregueira',1,'2024-08-13 17:08:22','2024-08-13 17:08:22'),(44,'Del Viso',1,'2024-08-13 17:08:22','2024-08-13 17:08:22'),(45,'Dolores',1,'2024-08-13 17:08:22','2024-08-13 17:08:22'),(46,'Don Torcuato',1,'2024-08-13 17:08:22','2024-08-13 17:08:22'),(47,'Ensenada',1,'2024-08-13 17:08:22','2024-08-13 17:08:22'),(48,'Escobar',1,'2024-08-13 17:08:22','2024-08-13 17:08:22'),(49,'Exaltación de la Cruz',1,'2024-08-13 17:08:22','2024-08-13 17:08:22'),(50,'Florentino Ameghino',1,'2024-08-13 17:08:22','2024-08-13 17:08:22'),(51,'Garín',1,'2024-08-13 17:08:22','2024-08-13 17:08:22'),(52,'Gral. Alvarado',1,'2024-08-13 17:08:22','2024-08-13 17:08:22'),(53,'Gral. Alvear',1,'2024-08-13 17:08:22','2024-08-13 17:08:22'),(54,'Gral. Arenales',1,'2024-08-13 17:08:22','2024-08-13 17:08:22'),(55,'Gral. Belgrano',1,'2024-08-13 17:08:22','2024-08-13 17:08:22'),(56,'Gral. Guido',1,'2024-08-13 17:08:22','2024-08-13 17:08:22'),(57,'Gral. Lamadrid',1,'2024-08-13 17:08:22','2024-08-13 17:08:22'),(58,'Gral. Las Heras',1,'2024-08-13 17:08:22','2024-08-13 17:08:22'),(59,'Gral. Lavalle',1,'2024-08-13 17:08:22','2024-08-13 17:08:22'),(60,'Gral. Madariaga',1,'2024-08-13 17:08:22','2024-08-13 17:08:22'),(61,'Gral. Pacheco',1,'2024-08-13 17:08:22','2024-08-13 17:08:22'),(62,'Gral. Paz',1,'2024-08-13 17:08:22','2024-08-13 17:08:22'),(63,'Gral. Pinto',1,'2024-08-13 17:08:22','2024-08-13 17:08:22'),(64,'Gral. Pueyrredón',1,'2024-08-13 17:08:22','2024-08-13 17:08:22'),(65,'Gral. Rodríguez',1,'2024-08-13 17:08:22','2024-08-13 17:08:22'),(66,'Gral. Viamonte',1,'2024-08-13 17:08:22','2024-08-13 17:08:22'),(67,'Gral. Villegas',1,'2024-08-13 17:08:22','2024-08-13 17:08:22'),(68,'Guaminí',1,'2024-08-13 17:08:22','2024-08-13 17:08:22'),(69,'Guernica',1,'2024-08-13 17:08:22','2024-08-13 17:08:22'),(70,'Hipólito Yrigoyen',1,'2024-08-13 17:08:22','2024-08-13 17:08:22'),(71,'Ing. Maschwitz',1,'2024-08-13 17:08:22','2024-08-13 17:08:22'),(72,'Junín',1,'2024-08-13 17:08:22','2024-08-13 17:08:22'),(73,'La Plata',1,'2024-08-13 17:08:22','2024-08-13 17:08:22'),(74,'Laprida',1,'2024-08-13 17:08:22','2024-08-13 17:08:22'),(75,'Las Flores',1,'2024-08-13 17:08:22','2024-08-13 17:08:22'),(76,'Las Toninas',1,'2024-08-13 17:08:22','2024-08-13 17:08:22'),(77,'Leandro N. Alem',1,'2024-08-13 17:08:22','2024-08-13 17:08:22'),(78,'Lincoln',1,'2024-08-13 17:08:22','2024-08-13 17:08:22'),(79,'Loberia',1,'2024-08-13 17:08:22','2024-08-13 17:08:22'),(80,'Lobos',1,'2024-08-13 17:08:22','2024-08-13 17:08:22'),(81,'Los Cardales',1,'2024-08-13 17:08:22','2024-08-13 17:08:22'),(82,'Los Toldos',1,'2024-08-13 17:08:22','2024-08-13 17:08:22'),(83,'Lucila del Mar',1,'2024-08-13 17:08:22','2024-08-13 17:08:22'),(84,'Luján',1,'2024-08-13 17:08:22','2024-08-13 17:08:22'),(85,'Magdalena',1,'2024-08-13 17:08:22','2024-08-13 17:08:22'),(86,'Maipú',1,'2024-08-13 17:08:22','2024-08-13 17:08:22'),(87,'Mar Chiquita',1,'2024-08-13 17:08:22','2024-08-13 17:08:22'),(88,'Mar de Ajó',1,'2024-08-13 17:08:22','2024-08-13 17:08:22'),(89,'Mar de las Pampas',1,'2024-08-13 17:08:22','2024-08-13 17:08:22'),(90,'Mar del Plata',1,'2024-08-13 17:08:22','2024-08-13 17:08:22'),(91,'Mar del Tuyú',1,'2024-08-13 17:08:22','2024-08-13 17:08:22'),(92,'Marcos Paz',1,'2024-08-13 17:08:22','2024-08-13 17:08:22'),(93,'Mercedes',1,'2024-08-13 17:08:22','2024-08-13 17:08:22'),(94,'Miramar',1,'2024-08-13 17:08:22','2024-08-13 17:08:22'),(95,'Monte',1,'2024-08-13 17:08:22','2024-08-13 17:08:22'),(96,'Monte Hermoso',1,'2024-08-13 17:08:22','2024-08-13 17:08:22'),(97,'Munro',1,'2024-08-13 17:08:22','2024-08-13 17:08:22'),(98,'Navarro',1,'2024-08-13 17:08:22','2024-08-13 17:08:22'),(99,'Necochea',1,'2024-08-13 17:08:22','2024-08-13 17:08:22'),(100,'Olavarría',1,'2024-08-13 17:08:22','2024-08-13 17:08:22'),(101,'Partido de la Costa',1,'2024-08-13 17:08:22','2024-08-13 17:08:22'),(102,'Pehuajó',1,'2024-08-13 17:08:22','2024-08-13 17:08:22'),(103,'Pellegrini',1,'2024-08-13 17:08:22','2024-08-13 17:08:22'),(104,'Pergamino',1,'2024-08-13 17:08:22','2024-08-13 17:08:22'),(105,'Pigüé',1,'2024-08-13 17:08:22','2024-08-13 17:08:22'),(106,'Pila',1,'2024-08-13 17:08:22','2024-08-13 17:08:22'),(107,'Pilar',1,'2024-08-13 17:08:22','2024-08-13 17:08:22'),(108,'Pinamar',1,'2024-08-13 17:08:22','2024-08-13 17:08:22'),(109,'Pinar del Sol',1,'2024-08-13 17:08:22','2024-08-13 17:08:22'),(110,'Polvorines',1,'2024-08-13 17:08:22','2024-08-13 17:08:22'),(111,'Pte. Perón',1,'2024-08-13 17:08:22','2024-08-13 17:08:22'),(112,'Puán',1,'2024-08-13 17:08:22','2024-08-13 17:08:22'),(113,'Punta Indio',1,'2024-08-13 17:08:22','2024-08-13 17:08:22'),(114,'Ramallo',1,'2024-08-13 17:08:22','2024-08-13 17:08:22'),(115,'Rauch',1,'2024-08-13 17:08:22','2024-08-13 17:08:22'),(116,'Rivadavia',1,'2024-08-13 17:08:22','2024-08-13 17:08:22'),(117,'Rojas',1,'2024-08-13 17:08:22','2024-08-13 17:08:22'),(118,'Roque Pérez',1,'2024-08-13 17:08:22','2024-08-13 17:08:22'),(119,'Saavedra',1,'2024-08-13 17:08:22','2024-08-13 17:08:22'),(120,'Saladillo',1,'2024-08-13 17:08:22','2024-08-13 17:08:22'),(121,'Salliqueló',1,'2024-08-13 17:08:22','2024-08-13 17:08:22'),(122,'Salto',1,'2024-08-13 17:08:22','2024-08-13 17:08:22'),(123,'San Andrés de Giles',1,'2024-08-13 17:08:22','2024-08-13 17:08:22'),(124,'San Antonio de Areco',1,'2024-08-13 17:08:22','2024-08-13 17:08:22'),(125,'San Antonio de Padua',1,'2024-08-13 17:08:22','2024-08-13 17:08:22'),(126,'San Bernardo',1,'2024-08-13 17:08:22','2024-08-13 17:08:22'),(127,'San Cayetano',1,'2024-08-13 17:08:22','2024-08-13 17:08:22'),(128,'San Clemente del Tuyú',1,'2024-08-13 17:08:22','2024-08-13 17:08:22'),(129,'San Nicolás',1,'2024-08-13 17:08:22','2024-08-13 17:08:22'),(130,'San Pedro',1,'2024-08-13 17:08:22','2024-08-13 17:08:22'),(131,'San Vicente',1,'2024-08-13 17:08:22','2024-08-13 17:08:22'),(132,'Santa Teresita',1,'2024-08-13 17:08:22','2024-08-13 17:08:22'),(133,'Suipacha',1,'2024-08-13 17:08:22','2024-08-13 17:08:22'),(134,'Tandil',1,'2024-08-13 17:08:22','2024-08-13 17:08:22'),(135,'Tapalqué',1,'2024-08-13 17:08:22','2024-08-13 17:08:22'),(136,'Tordillo',1,'2024-08-13 17:08:22','2024-08-13 17:08:22'),(137,'Tornquist',1,'2024-08-13 17:08:22','2024-08-13 17:08:22'),(138,'Trenque Lauquen',1,'2024-08-13 17:08:22','2024-08-13 17:08:22'),(139,'Tres Lomas',1,'2024-08-13 17:08:22','2024-08-13 17:08:22'),(140,'Villa Gesell',1,'2024-08-13 17:08:22','2024-08-13 17:08:22'),(141,'Villarino',1,'2024-08-13 17:08:22','2024-08-13 17:08:22'),(142,'Zárate',1,'2024-08-13 17:08:22','2024-08-13 17:08:22'),(143,'11 de Septiembre',2,'2024-08-13 17:08:22','2024-08-13 17:08:22'),(144,'20 de Junio',2,'2024-08-13 17:08:22','2024-08-13 17:08:22'),(145,'25 de Mayo',2,'2024-08-13 17:08:22','2024-08-13 17:08:22'),(146,'Acassuso',2,'2024-08-13 17:08:22','2024-08-13 17:08:22'),(147,'Adrogué',2,'2024-08-13 17:08:22','2024-08-13 17:08:22'),(148,'Aldo Bonzi',2,'2024-08-13 17:08:22','2024-08-13 17:08:22'),(149,'Área Reserva Cinturón Ecológico',2,'2024-08-13 17:08:22','2024-08-13 17:08:22'),(150,'Avellaneda',2,'2024-08-13 17:08:22','2024-08-13 17:08:22'),(151,'Banfield',2,'2024-08-13 17:08:22','2024-08-13 17:08:22'),(152,'Barrio Parque',2,'2024-08-13 17:08:22','2024-08-13 17:08:22'),(153,'Barrio Santa Teresita',2,'2024-08-13 17:08:22','2024-08-13 17:08:22'),(154,'Beccar',2,'2024-08-13 17:08:22','2024-08-13 17:08:22'),(155,'Bella Vista',2,'2024-08-13 17:08:22','2024-08-13 17:08:22'),(156,'Berazategui',2,'2024-08-13 17:08:22','2024-08-13 17:08:22'),(157,'Bernal Este',2,'2024-08-13 17:08:22','2024-08-13 17:08:22'),(158,'Bernal Oeste',2,'2024-08-13 17:08:22','2024-08-13 17:08:22'),(159,'Billinghurst',2,'2024-08-13 17:08:22','2024-08-13 17:08:22'),(160,'Boulogne',2,'2024-08-13 17:08:22','2024-08-13 17:08:22'),(161,'Burzaco',2,'2024-08-13 17:08:22','2024-08-13 17:08:22'),(162,'Carapachay',2,'2024-08-13 17:08:22','2024-08-13 17:08:22'),(163,'Caseros',2,'2024-08-13 17:08:22','2024-08-13 17:08:22'),(164,'Castelar',2,'2024-08-13 17:08:22','2024-08-13 17:08:22'),(165,'Churruca',2,'2024-08-13 17:08:22','2024-08-13 17:08:22'),(166,'Ciudad Evita',2,'2024-08-13 17:08:22','2024-08-13 17:08:22'),(167,'Ciudad Madero',2,'2024-08-13 17:08:22','2024-08-13 17:08:22'),(168,'Ciudadela',2,'2024-08-13 17:08:22','2024-08-13 17:08:22'),(169,'Claypole',2,'2024-08-13 17:08:22','2024-08-13 17:08:22'),(170,'Crucecita',2,'2024-08-13 17:08:22','2024-08-13 17:08:22'),(171,'Dock Sud',2,'2024-08-13 17:08:22','2024-08-13 17:08:22'),(172,'Don Bosco',2,'2024-08-13 17:08:22','2024-08-13 17:08:22'),(173,'Don Orione',2,'2024-08-13 17:08:22','2024-08-13 17:08:22'),(174,'El Jagüel',2,'2024-08-13 17:08:22','2024-08-13 17:08:22'),(175,'El Libertador',2,'2024-08-13 17:08:22','2024-08-13 17:08:22'),(176,'El Palomar',2,'2024-08-13 17:08:22','2024-08-13 17:08:22'),(177,'El Tala',2,'2024-08-13 17:08:22','2024-08-13 17:08:22'),(178,'El Trébol',2,'2024-08-13 17:08:22','2024-08-13 17:08:22'),(179,'Ezeiza',2,'2024-08-13 17:08:22','2024-08-13 17:08:22'),(180,'Ezpeleta',2,'2024-08-13 17:08:22','2024-08-13 17:08:22'),(181,'Florencio Varela',2,'2024-08-13 17:08:22','2024-08-13 17:08:22'),(182,'Florida',2,'2024-08-13 17:08:22','2024-08-13 17:08:22'),(183,'Francisco Álvarez',2,'2024-08-13 17:08:22','2024-08-13 17:08:22'),(184,'Gerli',2,'2024-08-13 17:08:22','2024-08-13 17:08:22'),(185,'Glew',2,'2024-08-13 17:08:22','2024-08-13 17:08:22'),(186,'González Catán',2,'2024-08-13 17:08:22','2024-08-13 17:08:22'),(187,'Gral. Lamadrid',2,'2024-08-13 17:08:22','2024-08-13 17:08:22'),(188,'Grand Bourg',2,'2024-08-13 17:08:22','2024-08-13 17:08:22'),(189,'Gregorio de Laferrere',2,'2024-08-13 17:08:22','2024-08-13 17:08:22'),(190,'Guillermo Enrique Hudson',2,'2024-08-13 17:08:22','2024-08-13 17:08:22'),(191,'Haedo',2,'2024-08-13 17:08:22','2024-08-13 17:08:22'),(192,'Hurlingham',2,'2024-08-13 17:08:22','2024-08-13 17:08:22'),(193,'Ing. Sourdeaux',2,'2024-08-13 17:08:22','2024-08-13 17:08:22'),(194,'Isidro Casanova',2,'2024-08-13 17:08:22','2024-08-13 17:08:22'),(195,'Ituzaingó',2,'2024-08-13 17:08:22','2024-08-13 17:08:22'),(196,'José C. Paz',2,'2024-08-13 17:08:22','2024-08-13 17:08:22'),(197,'José Ingenieros',2,'2024-08-13 17:08:22','2024-08-13 17:08:22'),(198,'José Marmol',2,'2024-08-13 17:08:22','2024-08-13 17:08:22'),(199,'La Lucila',2,'2024-08-13 17:08:22','2024-08-13 17:08:22'),(200,'La Reja',2,'2024-08-13 17:08:22','2024-08-13 17:08:22'),(201,'La Tablada',2,'2024-08-13 17:08:22','2024-08-13 17:08:22'),(202,'Lanús',2,'2024-08-13 17:08:22','2024-08-13 17:08:22'),(203,'Llavallol',2,'2024-08-13 17:08:22','2024-08-13 17:08:22'),(204,'Loma Hermosa',2,'2024-08-13 17:08:22','2024-08-13 17:08:22'),(205,'Lomas de Zamora',2,'2024-08-13 17:08:22','2024-08-13 17:08:22'),(206,'Lomas del Millón',2,'2024-08-13 17:08:22','2024-08-13 17:08:22'),(207,'Lomas del Mirador',2,'2024-08-13 17:08:22','2024-08-13 17:08:22'),(208,'Longchamps',2,'2024-08-13 17:08:22','2024-08-13 17:08:22'),(209,'Los Polvorines',2,'2024-08-13 17:08:22','2024-08-13 17:08:22'),(210,'Luis Guillón',2,'2024-08-13 17:08:22','2024-08-13 17:08:22'),(211,'Malvinas Argentinas',2,'2024-08-13 17:08:22','2024-08-13 17:08:22'),(212,'Martín Coronado',2,'2024-08-13 17:08:22','2024-08-13 17:08:22'),(213,'Martínez',2,'2024-08-13 17:08:22','2024-08-13 17:08:22'),(214,'Merlo',2,'2024-08-13 17:08:22','2024-08-13 17:08:22'),(215,'Ministro Rivadavia',2,'2024-08-13 17:08:22','2024-08-13 17:08:22'),(216,'Monte Chingolo',2,'2024-08-13 17:08:22','2024-08-13 17:08:22'),(217,'Monte Grande',2,'2024-08-13 17:08:22','2024-08-13 17:08:22'),(218,'Moreno',2,'2024-08-13 17:08:22','2024-08-13 17:08:22'),(219,'Morón',2,'2024-08-13 17:08:22','2024-08-13 17:08:22'),(220,'Muñiz',2,'2024-08-13 17:08:22','2024-08-13 17:08:22'),(221,'Olivos',2,'2024-08-13 17:08:22','2024-08-13 17:08:22'),(222,'Pablo Nogués',2,'2024-08-13 17:08:22','2024-08-13 17:08:22'),(223,'Pablo Podestá',2,'2024-08-13 17:08:22','2024-08-13 17:08:22'),(224,'Paso del Rey',2,'2024-08-13 17:08:22','2024-08-13 17:08:22'),(225,'Pereyra',2,'2024-08-13 17:08:22','2024-08-13 17:08:22'),(226,'Piñeiro',2,'2024-08-13 17:08:22','2024-08-13 17:08:22'),(227,'Plátanos',2,'2024-08-13 17:08:22','2024-08-13 17:08:22'),(228,'Pontevedra',2,'2024-08-13 17:08:22','2024-08-13 17:08:22'),(229,'Quilmes',2,'2024-08-13 17:08:22','2024-08-13 17:08:22'),(230,'Rafael Calzada',2,'2024-08-13 17:08:22','2024-08-13 17:08:22'),(231,'Rafael Castillo',2,'2024-08-13 17:08:22','2024-08-13 17:08:22'),(232,'Ramos Mejía',2,'2024-08-13 17:08:22','2024-08-13 17:08:22'),(233,'Ranelagh',2,'2024-08-13 17:08:22','2024-08-13 17:08:22'),(234,'Remedios de Escalada',2,'2024-08-13 17:08:22','2024-08-13 17:08:22'),(235,'Sáenz Peña',2,'2024-08-13 17:08:22','2024-08-13 17:08:22'),(236,'San Antonio de Padua',2,'2024-08-13 17:08:22','2024-08-13 17:08:22'),(237,'San Fernando',2,'2024-08-13 17:08:22','2024-08-13 17:08:22'),(238,'San Francisco Solano',2,'2024-08-13 17:08:22','2024-08-13 17:08:22'),(239,'San Isidro',2,'2024-08-13 17:08:22','2024-08-13 17:08:22'),(240,'San José',2,'2024-08-13 17:08:22','2024-08-13 17:08:22'),(241,'San Justo',2,'2024-08-13 17:08:22','2024-08-13 17:08:22'),(242,'San Martín',2,'2024-08-13 17:08:22','2024-08-13 17:08:22'),(243,'San Miguel',2,'2024-08-13 17:08:22','2024-08-13 17:08:22'),(244,'Santos Lugares',2,'2024-08-13 17:08:22','2024-08-13 17:08:22'),(245,'Sarandí',2,'2024-08-13 17:08:22','2024-08-13 17:08:22'),(246,'Sourigues',2,'2024-08-13 17:08:22','2024-08-13 17:08:22'),(247,'Tapiales',2,'2024-08-13 17:08:22','2024-08-13 17:08:22'),(248,'Temperley',2,'2024-08-13 17:08:22','2024-08-13 17:08:22'),(249,'Tigre',2,'2024-08-13 17:08:22','2024-08-13 17:08:22'),(250,'Tortuguitas',2,'2024-08-13 17:08:22','2024-08-13 17:08:22'),(251,'Tristán Suárez',2,'2024-08-13 17:08:22','2024-08-13 17:08:22'),(252,'Trujui',2,'2024-08-13 17:08:22','2024-08-13 17:08:22'),(253,'Turdera',2,'2024-08-13 17:08:22','2024-08-13 17:08:22'),(254,'Valentín Alsina',2,'2024-08-13 17:08:22','2024-08-13 17:08:22'),(255,'Vicente López',2,'2024-08-13 17:08:22','2024-08-13 17:08:22'),(256,'Villa Adelina',2,'2024-08-13 17:08:22','2024-08-13 17:08:22'),(257,'Villa Ballester',2,'2024-08-13 17:08:22','2024-08-13 17:08:22'),(258,'Villa Bosch',2,'2024-08-13 17:08:22','2024-08-13 17:08:22'),(259,'Villa Caraza',2,'2024-08-13 17:08:22','2024-08-13 17:08:22'),(260,'Villa Celina',2,'2024-08-13 17:08:22','2024-08-13 17:08:22'),(261,'Villa Centenario',2,'2024-08-13 17:08:22','2024-08-13 17:08:22'),(262,'Villa de Mayo',2,'2024-08-13 17:08:22','2024-08-13 17:08:22'),(263,'Villa Diamante',2,'2024-08-13 17:08:22','2024-08-13 17:08:22'),(264,'Villa Domínico',2,'2024-08-13 17:08:22','2024-08-13 17:08:22'),(265,'Villa España',2,'2024-08-13 17:08:22','2024-08-13 17:08:22'),(266,'Villa Fiorito',2,'2024-08-13 17:08:22','2024-08-13 17:08:22'),(267,'Villa Guillermina',2,'2024-08-13 17:08:22','2024-08-13 17:08:22'),(268,'Villa Insuperable',2,'2024-08-13 17:08:22','2024-08-13 17:08:22'),(269,'Villa José León Suárez',2,'2024-08-13 17:08:22','2024-08-13 17:08:22'),(270,'Villa La Florida',2,'2024-08-13 17:08:22','2024-08-13 17:08:22'),(271,'Villa Luzuriaga',2,'2024-08-13 17:08:22','2024-08-13 17:08:22'),(272,'Villa Martelli',2,'2024-08-13 17:08:22','2024-08-13 17:08:22'),(273,'Villa Obrera',2,'2024-08-13 17:08:22','2024-08-13 17:08:22'),(274,'Villa Progreso',2,'2024-08-13 17:08:22','2024-08-13 17:08:22'),(275,'Villa Raffo',2,'2024-08-13 17:08:22','2024-08-13 17:08:22'),(276,'Villa Sarmiento',2,'2024-08-13 17:08:22','2024-08-13 17:08:22'),(277,'Villa Tesei',2,'2024-08-13 17:08:22','2024-08-13 17:08:22'),(278,'Villa Udaondo',2,'2024-08-13 17:08:22','2024-08-13 17:08:22'),(279,'Virrey del Pino',2,'2024-08-13 17:08:22','2024-08-13 17:08:22'),(280,'Wilde',2,'2024-08-13 17:08:22','2024-08-13 17:08:22'),(281,'William Morris',2,'2024-08-13 17:08:22','2024-08-13 17:08:22'),(282,'Agronomía',3,'2024-08-13 17:08:22','2024-08-13 17:08:22'),(283,'Almagro',3,'2024-08-13 17:08:22','2024-08-13 17:08:22'),(284,'Balvanera',3,'2024-08-13 17:08:22','2024-08-13 17:08:22'),(285,'Barracas',3,'2024-08-13 17:08:22','2024-08-13 17:08:22'),(286,'Belgrano',3,'2024-08-13 17:08:22','2024-08-13 17:08:22'),(287,'Boca',3,'2024-08-13 17:08:22','2024-08-13 17:08:22'),(288,'Boedo',3,'2024-08-13 17:08:22','2024-08-13 17:08:22'),(289,'Caballito',3,'2024-08-13 17:08:22','2024-08-13 17:08:22'),(290,'Chacarita',3,'2024-08-13 17:08:22','2024-08-13 17:08:22'),(291,'Coghlan',3,'2024-08-13 17:08:22','2024-08-13 17:08:22'),(292,'Colegiales',3,'2024-08-13 17:08:22','2024-08-13 17:08:22'),(293,'Constitución',3,'2024-08-13 17:08:22','2024-08-13 17:08:22'),(294,'Flores',3,'2024-08-13 17:08:22','2024-08-13 17:08:22'),(295,'Floresta',3,'2024-08-13 17:08:22','2024-08-13 17:08:22'),(296,'La Paternal',3,'2024-08-13 17:08:22','2024-08-13 17:08:22'),(297,'Liniers',3,'2024-08-13 17:08:22','2024-08-13 17:08:22'),(298,'Mataderos',3,'2024-08-13 17:08:22','2024-08-13 17:08:22'),(299,'Monserrat',3,'2024-08-13 17:08:22','2024-08-13 17:08:22'),(300,'Monte Castro',3,'2024-08-13 17:08:22','2024-08-13 17:08:22'),(301,'Nueva Pompeya',3,'2024-08-13 17:08:22','2024-08-13 17:08:22'),(302,'Núñez',3,'2024-08-13 17:08:22','2024-08-13 17:08:22'),(303,'Palermo',3,'2024-08-13 17:08:22','2024-08-13 17:08:22'),(304,'Parque Avellaneda',3,'2024-08-13 17:08:22','2024-08-13 17:08:22'),(305,'Parque Chacabuco',3,'2024-08-13 17:08:22','2024-08-13 17:08:22'),(306,'Parque Chas',3,'2024-08-13 17:08:22','2024-08-13 17:08:22'),(307,'Parque Patricios',3,'2024-08-13 17:08:22','2024-08-13 17:08:22'),(308,'Puerto Madero',3,'2024-08-13 17:08:22','2024-08-13 17:08:22'),(309,'Recoleta',3,'2024-08-13 17:08:22','2024-08-13 17:08:22'),(310,'Retiro',3,'2024-08-13 17:08:22','2024-08-13 17:08:22'),(311,'Saavedra',3,'2024-08-13 17:08:22','2024-08-13 17:08:22'),(312,'San Cristóbal',3,'2024-08-13 17:08:22','2024-08-13 17:08:22'),(313,'San Nicolás',3,'2024-08-13 17:08:22','2024-08-13 17:08:22'),(314,'San Telmo',3,'2024-08-13 17:08:22','2024-08-13 17:08:22'),(315,'Vélez Sársfield',3,'2024-08-13 17:08:22','2024-08-13 17:08:22'),(316,'Versalles',3,'2024-08-13 17:08:22','2024-08-13 17:08:22'),(317,'Villa Crespo',3,'2024-08-13 17:08:22','2024-08-13 17:08:22'),(318,'Villa del Parque',3,'2024-08-13 17:08:22','2024-08-13 17:08:22'),(319,'Villa Devoto',3,'2024-08-13 17:08:22','2024-08-13 17:08:22'),(320,'Villa Gral. Mitre',3,'2024-08-13 17:08:22','2024-08-13 17:08:22'),(321,'Villa Lugano',3,'2024-08-13 17:08:22','2024-08-13 17:08:22'),(322,'Villa Luro',3,'2024-08-13 17:08:22','2024-08-13 17:08:22'),(323,'Villa Ortúzar',3,'2024-08-13 17:08:22','2024-08-13 17:08:22'),(324,'Villa Pueyrredón',3,'2024-08-13 17:08:22','2024-08-13 17:08:22'),(325,'Villa Real',3,'2024-08-13 17:08:22','2024-08-13 17:08:22'),(326,'Villa Riachuelo',3,'2024-08-13 17:08:22','2024-08-13 17:08:22'),(327,'Villa Santa Rita',3,'2024-08-13 17:08:22','2024-08-13 17:08:22'),(328,'Villa Soldati',3,'2024-08-13 17:08:22','2024-08-13 17:08:22'),(329,'Villa Urquiza',3,'2024-08-13 17:08:22','2024-08-13 17:08:22'),(330,'Aconquija',4,'2024-08-13 17:08:22','2024-08-13 17:08:22'),(331,'Ancasti',4,'2024-08-13 17:08:22','2024-08-13 17:08:22'),(332,'Andalgalá',4,'2024-08-13 17:08:22','2024-08-13 17:08:22'),(333,'Antofagasta',4,'2024-08-13 17:08:22','2024-08-13 17:08:22'),(334,'Belén',4,'2024-08-13 17:08:22','2024-08-13 17:08:22'),(335,'Capayán',4,'2024-08-13 17:08:22','2024-08-13 17:08:22'),(336,'Capital',4,'2024-08-13 17:08:22','2024-08-13 17:08:22'),(337,'4',4,'2024-08-13 17:08:22','2024-08-13 17:08:22'),(338,'Corral Quemado',4,'2024-08-13 17:08:22','2024-08-13 17:08:22'),(339,'El Alto',4,'2024-08-13 17:08:22','2024-08-13 17:08:22'),(340,'El Rodeo',4,'2024-08-13 17:08:22','2024-08-13 17:08:22'),(341,'F.Mamerto Esquiú',4,'2024-08-13 17:08:22','2024-08-13 17:08:22'),(342,'Fiambalá',4,'2024-08-13 17:08:22','2024-08-13 17:08:22'),(343,'Hualfín',4,'2024-08-13 17:08:22','2024-08-13 17:08:22'),(344,'Huillapima',4,'2024-08-13 17:08:22','2024-08-13 17:08:22'),(345,'Icaño',4,'2024-08-13 17:08:22','2024-08-13 17:08:22'),(346,'La Puerta',4,'2024-08-13 17:08:22','2024-08-13 17:08:22'),(347,'Las Juntas',4,'2024-08-13 17:08:22','2024-08-13 17:08:22'),(348,'Londres',4,'2024-08-13 17:08:22','2024-08-13 17:08:22'),(349,'Los Altos',4,'2024-08-13 17:08:22','2024-08-13 17:08:22'),(350,'Los Varela',4,'2024-08-13 17:08:22','2024-08-13 17:08:22'),(351,'Mutquín',4,'2024-08-13 17:08:22','2024-08-13 17:08:22'),(352,'Paclín',4,'2024-08-13 17:08:22','2024-08-13 17:08:22'),(353,'Poman',4,'2024-08-13 17:08:22','2024-08-13 17:08:22'),(354,'Pozo de La Piedra',4,'2024-08-13 17:08:22','2024-08-13 17:08:22'),(355,'Puerta de Corral',4,'2024-08-13 17:08:22','2024-08-13 17:08:22'),(356,'Puerta San José',4,'2024-08-13 17:08:22','2024-08-13 17:08:22'),(357,'Recreo',4,'2024-08-13 17:08:22','2024-08-13 17:08:22'),(358,'S.F.V de 4',4,'2024-08-13 17:08:22','2024-08-13 17:08:22'),(359,'San Fernando',4,'2024-08-13 17:08:22','2024-08-13 17:08:22'),(360,'San Fernando del Valle',4,'2024-08-13 17:08:22','2024-08-13 17:08:22'),(361,'San José',4,'2024-08-13 17:08:22','2024-08-13 17:08:22'),(362,'Santa María',4,'2024-08-13 17:08:22','2024-08-13 17:08:22'),(363,'Santa Rosa',4,'2024-08-13 17:08:22','2024-08-13 17:08:22'),(364,'Saujil',4,'2024-08-13 17:08:22','2024-08-13 17:08:22'),(365,'Tapso',4,'2024-08-13 17:08:22','2024-08-13 17:08:22'),(366,'Tinogasta',4,'2024-08-13 17:08:22','2024-08-13 17:08:22'),(367,'Valle Viejo',4,'2024-08-13 17:08:22','2024-08-13 17:08:22'),(368,'Villa Vil',4,'2024-08-13 17:08:22','2024-08-13 17:08:22'),(369,'Aviá Teraí',5,'2024-08-13 17:08:22','2024-08-13 17:08:22'),(370,'Barranqueras',5,'2024-08-13 17:08:22','2024-08-13 17:08:22'),(371,'Basail',5,'2024-08-13 17:08:22','2024-08-13 17:08:22'),(372,'Campo Largo',5,'2024-08-13 17:08:22','2024-08-13 17:08:22'),(373,'Capital',5,'2024-08-13 17:08:22','2024-08-13 17:08:22'),(374,'Capitán Solari',5,'2024-08-13 17:08:22','2024-08-13 17:08:22'),(375,'Charadai',5,'2024-08-13 17:08:22','2024-08-13 17:08:22'),(376,'Charata',5,'2024-08-13 17:08:22','2024-08-13 17:08:22'),(377,'Chorotis',5,'2024-08-13 17:08:22','2024-08-13 17:08:22'),(378,'Ciervo Petiso',5,'2024-08-13 17:08:22','2024-08-13 17:08:22'),(379,'Cnel. Du Graty',5,'2024-08-13 17:08:22','2024-08-13 17:08:22'),(380,'Col. Benítez',5,'2024-08-13 17:08:22','2024-08-13 17:08:22'),(381,'Col. Elisa',5,'2024-08-13 17:08:22','2024-08-13 17:08:22'),(382,'Col. Popular',5,'2024-08-13 17:08:22','2024-08-13 17:08:22'),(383,'Colonias Unidas',5,'2024-08-13 17:08:22','2024-08-13 17:08:22'),(384,'Concepción',5,'2024-08-13 17:08:22','2024-08-13 17:08:22'),(385,'Corzuela',5,'2024-08-13 17:08:22','2024-08-13 17:08:22'),(386,'Cote Lai',5,'2024-08-13 17:08:22','2024-08-13 17:08:22'),(387,'El Sauzalito',5,'2024-08-13 17:08:22','2024-08-13 17:08:22'),(388,'Enrique Urien',5,'2024-08-13 17:08:22','2024-08-13 17:08:22'),(389,'Fontana',5,'2024-08-13 17:08:22','2024-08-13 17:08:22'),(390,'Fte. Esperanza',5,'2024-08-13 17:08:22','2024-08-13 17:08:22'),(391,'Gancedo',5,'2024-08-13 17:08:22','2024-08-13 17:08:22'),(392,'Gral. Capdevila',5,'2024-08-13 17:08:22','2024-08-13 17:08:22'),(393,'Gral. Pinero',5,'2024-08-13 17:08:22','2024-08-13 17:08:22'),(394,'Gral. San Martín',5,'2024-08-13 17:08:22','2024-08-13 17:08:22'),(395,'Gral. Vedia',5,'2024-08-13 17:08:22','2024-08-13 17:08:22'),(396,'Hermoso Campo',5,'2024-08-13 17:08:22','2024-08-13 17:08:22'),(397,'I. del Cerrito',5,'2024-08-13 17:08:22','2024-08-13 17:08:22'),(398,'J.J. Castelli',5,'2024-08-13 17:08:22','2024-08-13 17:08:22'),(399,'La Clotilde',5,'2024-08-13 17:08:22','2024-08-13 17:08:22'),(400,'La Eduvigis',5,'2024-08-13 17:08:22','2024-08-13 17:08:22'),(401,'La Escondida',5,'2024-08-13 17:08:22','2024-08-13 17:08:22'),(402,'La Leonesa',5,'2024-08-13 17:08:22','2024-08-13 17:08:22'),(403,'La Tigra',5,'2024-08-13 17:08:22','2024-08-13 17:08:22'),(404,'La Verde',5,'2024-08-13 17:08:22','2024-08-13 17:08:22'),(405,'Laguna Blanca',5,'2024-08-13 17:08:22','2024-08-13 17:08:22'),(406,'Laguna Limpia',5,'2024-08-13 17:08:22','2024-08-13 17:08:22'),(407,'Lapachito',5,'2024-08-13 17:08:22','2024-08-13 17:08:22'),(408,'Las Breñas',5,'2024-08-13 17:08:22','2024-08-13 17:08:22'),(409,'Las Garcitas',5,'2024-08-13 17:08:22','2024-08-13 17:08:22'),(410,'Las Palmas',5,'2024-08-13 17:08:22','2024-08-13 17:08:22'),(411,'Los Frentones',5,'2024-08-13 17:08:22','2024-08-13 17:08:22'),(412,'Machagai',5,'2024-08-13 17:08:22','2024-08-13 17:08:22'),(413,'Makallé',5,'2024-08-13 17:08:22','2024-08-13 17:08:22'),(414,'Margarita Belén',5,'2024-08-13 17:08:22','2024-08-13 17:08:22'),(415,'Miraflores',5,'2024-08-13 17:08:22','2024-08-13 17:08:22'),(416,'Misión N. Pompeya',5,'2024-08-13 17:08:22','2024-08-13 17:08:22'),(417,'Napenay',5,'2024-08-13 17:08:22','2024-08-13 17:08:22'),(418,'Pampa Almirón',5,'2024-08-13 17:08:22','2024-08-13 17:08:22'),(419,'Pampa del Indio',5,'2024-08-13 17:08:22','2024-08-13 17:08:22'),(420,'Pampa del Infierno',5,'2024-08-13 17:08:22','2024-08-13 17:08:22'),(421,'Pdcia. de La Plaza',5,'2024-08-13 17:08:22','2024-08-13 17:08:22'),(422,'Pdcia. Roca',5,'2024-08-13 17:08:22','2024-08-13 17:08:22'),(423,'Pdcia. Roque Sáenz Peña',5,'2024-08-13 17:08:22','2024-08-13 17:08:22'),(424,'Pto. Bermejo',5,'2024-08-13 17:08:22','2024-08-13 17:08:22'),(425,'Pto. Eva Perón',5,'2024-08-13 17:08:22','2024-08-13 17:08:22'),(426,'Puero Tirol',5,'2024-08-13 17:08:22','2024-08-13 17:08:22'),(427,'Puerto Vilelas',5,'2024-08-13 17:08:22','2024-08-13 17:08:22'),(428,'Quitilipi',5,'2024-08-13 17:08:22','2024-08-13 17:08:22'),(429,'Resistencia',5,'2024-08-13 17:08:22','2024-08-13 17:08:22'),(430,'Sáenz Peña',5,'2024-08-13 17:08:22','2024-08-13 17:08:22'),(431,'Samuhú',5,'2024-08-13 17:08:22','2024-08-13 17:08:22'),(432,'San Bernardo',5,'2024-08-13 17:08:22','2024-08-13 17:08:22'),(433,'Santa Sylvina',5,'2024-08-13 17:08:22','2024-08-13 17:08:22'),(434,'Taco Pozo',5,'2024-08-13 17:08:22','2024-08-13 17:08:22'),(435,'Tres Isletas',5,'2024-08-13 17:08:22','2024-08-13 17:08:22'),(436,'Villa Ángela',5,'2024-08-13 17:08:22','2024-08-13 17:08:22'),(437,'Villa Berthet',5,'2024-08-13 17:08:22','2024-08-13 17:08:22'),(438,'Villa R. Bermejito',5,'2024-08-13 17:08:22','2024-08-13 17:08:22'),(439,'Aldea Apeleg',6,'2024-08-13 17:08:22','2024-08-13 17:08:22'),(440,'Aldea Beleiro',6,'2024-08-13 17:08:22','2024-08-13 17:08:22'),(441,'Aldea Epulef',6,'2024-08-13 17:08:22','2024-08-13 17:08:22'),(442,'Alto Río Sengerr',6,'2024-08-13 17:08:22','2024-08-13 17:08:22'),(443,'Buen Pasto',6,'2024-08-13 17:08:22','2024-08-13 17:08:22'),(444,'Camarones',6,'2024-08-13 17:08:22','2024-08-13 17:08:22'),(445,'Carrenleufú',6,'2024-08-13 17:08:22','2024-08-13 17:08:22'),(446,'Cholila',6,'2024-08-13 17:08:22','2024-08-13 17:08:22'),(447,'Co. Centinela',6,'2024-08-13 17:08:22','2024-08-13 17:08:22'),(448,'Colan Conhué',6,'2024-08-13 17:08:22','2024-08-13 17:08:22'),(449,'Comodoro Rivadavia',6,'2024-08-13 17:08:22','2024-08-13 17:08:22'),(450,'Corcovado',6,'2024-08-13 17:08:22','2024-08-13 17:08:22'),(451,'Cushamen',6,'2024-08-13 17:08:22','2024-08-13 17:08:22'),(452,'Dique F. Ameghino',6,'2024-08-13 17:08:22','2024-08-13 17:08:22'),(453,'Dolavón',6,'2024-08-13 17:08:22','2024-08-13 17:08:22'),(454,'Dr. R. Rojas',6,'2024-08-13 17:08:22','2024-08-13 17:08:22'),(455,'El Hoyo',6,'2024-08-13 17:08:22','2024-08-13 17:08:22'),(456,'El Maitén',6,'2024-08-13 17:08:22','2024-08-13 17:08:22'),(457,'Epuyén',6,'2024-08-13 17:08:22','2024-08-13 17:08:22'),(458,'Esquel',6,'2024-08-13 17:08:22','2024-08-13 17:08:22'),(459,'Facundo',6,'2024-08-13 17:08:22','2024-08-13 17:08:22'),(460,'Gaimán',6,'2024-08-13 17:08:22','2024-08-13 17:08:22'),(461,'Gan Gan',6,'2024-08-13 17:08:22','2024-08-13 17:08:22'),(462,'Gastre',6,'2024-08-13 17:08:22','2024-08-13 17:08:22'),(463,'Gdor. Costa',6,'2024-08-13 17:08:22','2024-08-13 17:08:22'),(464,'Gualjaina',6,'2024-08-13 17:08:22','2024-08-13 17:08:22'),(465,'J. de San Martín',6,'2024-08-13 17:08:22','2024-08-13 17:08:22'),(466,'Lago Blanco',6,'2024-08-13 17:08:22','2024-08-13 17:08:22'),(467,'Lago Puelo',6,'2024-08-13 17:08:22','2024-08-13 17:08:22'),(468,'Lagunita Salada',6,'2024-08-13 17:08:22','2024-08-13 17:08:22'),(469,'Las Plumas',6,'2024-08-13 17:08:22','2024-08-13 17:08:22'),(470,'Los Altares',6,'2024-08-13 17:08:22','2024-08-13 17:08:22'),(471,'Paso de los Indios',6,'2024-08-13 17:08:22','2024-08-13 17:08:22'),(472,'Paso del Sapo',6,'2024-08-13 17:08:22','2024-08-13 17:08:22'),(473,'Pto. Madryn',6,'2024-08-13 17:08:22','2024-08-13 17:08:22'),(474,'Pto. Pirámides',6,'2024-08-13 17:08:22','2024-08-13 17:08:22'),(475,'Rada Tilly',6,'2024-08-13 17:08:22','2024-08-13 17:08:22'),(476,'Rawson',6,'2024-08-13 17:08:22','2024-08-13 17:08:22'),(477,'Río Mayo',6,'2024-08-13 17:08:22','2024-08-13 17:08:22'),(478,'Río Pico',6,'2024-08-13 17:08:22','2024-08-13 17:08:22'),(479,'Sarmiento',6,'2024-08-13 17:08:22','2024-08-13 17:08:22'),(480,'Tecka',6,'2024-08-13 17:08:22','2024-08-13 17:08:22'),(481,'Telsen',6,'2024-08-13 17:08:22','2024-08-13 17:08:22'),(482,'Trelew',6,'2024-08-13 17:08:22','2024-08-13 17:08:22'),(483,'Trevelin',6,'2024-08-13 17:08:22','2024-08-13 17:08:22'),(484,'Veintiocho de Julio',6,'2024-08-13 17:08:22','2024-08-13 17:08:22'),(485,'Achiras',7,'2024-08-13 17:08:22','2024-08-13 17:08:22'),(486,'Adelia Maria',7,'2024-08-13 17:08:22','2024-08-13 17:08:22'),(487,'Agua de Oro',7,'2024-08-13 17:08:22','2024-08-13 17:08:22'),(488,'Alcira Gigena',7,'2024-08-13 17:08:22','2024-08-13 17:08:22'),(489,'Aldea Santa Maria',7,'2024-08-13 17:08:22','2024-08-13 17:08:22'),(490,'Alejandro Roca',7,'2024-08-13 17:08:22','2024-08-13 17:08:22'),(491,'Alejo Ledesma',7,'2024-08-13 17:08:22','2024-08-13 17:08:22'),(492,'Alicia',7,'2024-08-13 17:08:22','2024-08-13 17:08:22'),(493,'Almafuerte',7,'2024-08-13 17:08:22','2024-08-13 17:08:22'),(494,'Alpa Corral',7,'2024-08-13 17:08:22','2024-08-13 17:08:22'),(495,'Alta Gracia',7,'2024-08-13 17:08:22','2024-08-13 17:08:22'),(496,'Alto Alegre',7,'2024-08-13 17:08:22','2024-08-13 17:08:22'),(497,'Alto de Los Quebrachos',7,'2024-08-13 17:08:22','2024-08-13 17:08:22'),(498,'Altos de Chipion',7,'2024-08-13 17:08:22','2024-08-13 17:08:22'),(499,'Amboy',7,'2024-08-13 17:08:22','2024-08-13 17:08:22'),(500,'Ambul',7,'2024-08-13 17:08:22','2024-08-13 17:08:22'),(501,'Ana Zumaran',7,'2024-08-13 17:08:22','2024-08-13 17:08:22'),(502,'Anisacate',7,'2024-08-13 17:08:22','2024-08-13 17:08:22'),(503,'Arguello',7,'2024-08-13 17:08:22','2024-08-13 17:08:22'),(504,'Arias',7,'2024-08-13 17:08:22','2024-08-13 17:08:22'),(505,'Arroyito',7,'2024-08-13 17:08:22','2024-08-13 17:08:22'),(506,'Arroyo Algodon',7,'2024-08-13 17:08:22','2024-08-13 17:08:22'),(507,'Arroyo Cabral',7,'2024-08-13 17:08:22','2024-08-13 17:08:22'),(508,'Arroyo Los Patos',7,'2024-08-13 17:08:22','2024-08-13 17:08:22'),(509,'Assunta',7,'2024-08-13 17:08:22','2024-08-13 17:08:22'),(510,'Atahona',7,'2024-08-13 17:08:22','2024-08-13 17:08:22'),(511,'Ausonia',7,'2024-08-13 17:08:22','2024-08-13 17:08:22'),(512,'Avellaneda',7,'2024-08-13 17:08:22','2024-08-13 17:08:22'),(513,'Ballesteros',7,'2024-08-13 17:08:22','2024-08-13 17:08:22'),(514,'Ballesteros Sud',7,'2024-08-13 17:08:22','2024-08-13 17:08:22'),(515,'Balnearia',7,'2024-08-13 17:08:22','2024-08-13 17:08:22'),(516,'Bañado de Soto',7,'2024-08-13 17:08:22','2024-08-13 17:08:22'),(517,'Bell Ville',7,'2024-08-13 17:08:22','2024-08-13 17:08:22'),(518,'Bengolea',7,'2024-08-13 17:08:22','2024-08-13 17:08:22'),(519,'Benjamin Gould',7,'2024-08-13 17:08:22','2024-08-13 17:08:22'),(520,'Berrotaran',7,'2024-08-13 17:08:22','2024-08-13 17:08:22'),(521,'Bialet Masse',7,'2024-08-13 17:08:22','2024-08-13 17:08:22'),(522,'Bouwer',7,'2024-08-13 17:08:22','2024-08-13 17:08:22'),(523,'Brinkmann',7,'2024-08-13 17:08:22','2024-08-13 17:08:22'),(524,'Buchardo',7,'2024-08-13 17:08:22','2024-08-13 17:08:22'),(525,'Bulnes',7,'2024-08-13 17:08:22','2024-08-13 17:08:22'),(526,'Cabalango',7,'2024-08-13 17:08:22','2024-08-13 17:08:22'),(527,'Calamuchita',7,'2024-08-13 17:08:22','2024-08-13 17:08:22'),(528,'Calchin',7,'2024-08-13 17:08:22','2024-08-13 17:08:22'),(529,'Calchin Oeste',7,'2024-08-13 17:08:22','2024-08-13 17:08:22'),(530,'Calmayo',7,'2024-08-13 17:08:22','2024-08-13 17:08:22'),(531,'Camilo Aldao',7,'2024-08-13 17:08:22','2024-08-13 17:08:22'),(532,'Caminiaga',7,'2024-08-13 17:08:22','2024-08-13 17:08:22'),(533,'Cañada de Luque',7,'2024-08-13 17:08:22','2024-08-13 17:08:22'),(534,'Cañada de Machado',7,'2024-08-13 17:08:22','2024-08-13 17:08:22'),(535,'Cañada de Rio Pinto',7,'2024-08-13 17:08:22','2024-08-13 17:08:22'),(536,'Cañada del Sauce',7,'2024-08-13 17:08:22','2024-08-13 17:08:22'),(537,'Canals',7,'2024-08-13 17:08:22','2024-08-13 17:08:22'),(538,'Candelaria Sud',7,'2024-08-13 17:08:22','2024-08-13 17:08:22'),(539,'Capilla de Remedios',7,'2024-08-13 17:08:22','2024-08-13 17:08:22'),(540,'Capilla de Siton',7,'2024-08-13 17:08:22','2024-08-13 17:08:22'),(541,'Capilla del Carmen',7,'2024-08-13 17:08:22','2024-08-13 17:08:22'),(542,'Capilla del Monte',7,'2024-08-13 17:08:22','2024-08-13 17:08:22'),(543,'Capital',7,'2024-08-13 17:08:22','2024-08-13 17:08:22'),(544,'Capitan Gral B. O´Higgins',7,'2024-08-13 17:08:22','2024-08-13 17:08:22'),(545,'Carnerillo',7,'2024-08-13 17:08:22','2024-08-13 17:08:22'),(546,'Carrilobo',7,'2024-08-13 17:08:22','2024-08-13 17:08:22'),(547,'Casa Grande',7,'2024-08-13 17:08:22','2024-08-13 17:08:22'),(548,'Cavanagh',7,'2024-08-13 17:08:22','2024-08-13 17:08:22'),(549,'Cerro Colorado',7,'2024-08-13 17:08:22','2024-08-13 17:08:22'),(550,'Chaján',7,'2024-08-13 17:08:22','2024-08-13 17:08:22'),(551,'Chalacea',7,'2024-08-13 17:08:22','2024-08-13 17:08:22'),(552,'Chañar Viejo',7,'2024-08-13 17:08:22','2024-08-13 17:08:22'),(553,'Chancaní',7,'2024-08-13 17:08:22','2024-08-13 17:08:22'),(554,'Charbonier',7,'2024-08-13 17:08:22','2024-08-13 17:08:22'),(555,'Charras',7,'2024-08-13 17:08:22','2024-08-13 17:08:22'),(556,'Chazón',7,'2024-08-13 17:08:22','2024-08-13 17:08:22'),(557,'Chilibroste',7,'2024-08-13 17:08:22','2024-08-13 17:08:22'),(558,'Chucul',7,'2024-08-13 17:08:22','2024-08-13 17:08:22'),(559,'Chuña',7,'2024-08-13 17:08:22','2024-08-13 17:08:22'),(560,'Chuña Huasi',7,'2024-08-13 17:08:22','2024-08-13 17:08:22'),(561,'Churqui Cañada',7,'2024-08-13 17:08:22','2024-08-13 17:08:22'),(562,'Cienaga Del Coro',7,'2024-08-13 17:08:22','2024-08-13 17:08:22'),(563,'Cintra',7,'2024-08-13 17:08:22','2024-08-13 17:08:22'),(564,'Col. Almada',7,'2024-08-13 17:08:22','2024-08-13 17:08:22'),(565,'Col. Anita',7,'2024-08-13 17:08:22','2024-08-13 17:08:22'),(566,'Col. Barge',7,'2024-08-13 17:08:22','2024-08-13 17:08:22'),(567,'Col. Bismark',7,'2024-08-13 17:08:22','2024-08-13 17:08:22'),(568,'Col. Bremen',7,'2024-08-13 17:08:22','2024-08-13 17:08:22'),(569,'Col. Caroya',7,'2024-08-13 17:08:22','2024-08-13 17:08:22'),(570,'Col. Italiana',7,'2024-08-13 17:08:22','2024-08-13 17:08:22'),(571,'Col. Iturraspe',7,'2024-08-13 17:08:22','2024-08-13 17:08:22'),(572,'Col. Las Cuatro Esquinas',7,'2024-08-13 17:08:22','2024-08-13 17:08:22'),(573,'Col. Las Pichanas',7,'2024-08-13 17:08:22','2024-08-13 17:08:22'),(574,'Col. Marina',7,'2024-08-13 17:08:22','2024-08-13 17:08:22'),(575,'Col. Prosperidad',7,'2024-08-13 17:08:22','2024-08-13 17:08:22'),(576,'Col. San Bartolome',7,'2024-08-13 17:08:22','2024-08-13 17:08:22'),(577,'Col. San Pedro',7,'2024-08-13 17:08:22','2024-08-13 17:08:22'),(578,'Col. Tirolesa',7,'2024-08-13 17:08:22','2024-08-13 17:08:22'),(579,'Col. Vicente Aguero',7,'2024-08-13 17:08:22','2024-08-13 17:08:22'),(580,'Col. Videla',7,'2024-08-13 17:08:22','2024-08-13 17:08:22'),(581,'Col. Vignaud',7,'2024-08-13 17:08:22','2024-08-13 17:08:22'),(582,'Col. Waltelina',7,'2024-08-13 17:08:22','2024-08-13 17:08:22'),(583,'Colazo',7,'2024-08-13 17:08:22','2024-08-13 17:08:22'),(584,'Comechingones',7,'2024-08-13 17:08:22','2024-08-13 17:08:22'),(585,'Conlara',7,'2024-08-13 17:08:22','2024-08-13 17:08:22'),(586,'Copacabana',7,'2024-08-13 17:08:22','2024-08-13 17:08:22'),(587,'7',7,'2024-08-13 17:08:22','2024-08-13 17:08:22'),(588,'Coronel Baigorria',7,'2024-08-13 17:08:22','2024-08-13 17:08:22'),(589,'Coronel Moldes',7,'2024-08-13 17:08:22','2024-08-13 17:08:22'),(590,'Corral de Bustos',7,'2024-08-13 17:08:22','2024-08-13 17:08:22'),(591,'Corralito',7,'2024-08-13 17:08:22','2024-08-13 17:08:22'),(592,'Cosquín',7,'2024-08-13 17:08:22','2024-08-13 17:08:22'),(593,'Costa Sacate',7,'2024-08-13 17:08:22','2024-08-13 17:08:22'),(594,'Cruz Alta',7,'2024-08-13 17:08:22','2024-08-13 17:08:22'),(595,'Cruz de Caña',7,'2024-08-13 17:08:22','2024-08-13 17:08:22'),(596,'Cruz del Eje',7,'2024-08-13 17:08:22','2024-08-13 17:08:22'),(597,'Cuesta Blanca',7,'2024-08-13 17:08:22','2024-08-13 17:08:22'),(598,'Dean Funes',7,'2024-08-13 17:08:22','2024-08-13 17:08:22'),(599,'Del Campillo',7,'2024-08-13 17:08:22','2024-08-13 17:08:22'),(600,'Despeñaderos',7,'2024-08-13 17:08:22','2024-08-13 17:08:22'),(601,'Devoto',7,'2024-08-13 17:08:22','2024-08-13 17:08:22'),(602,'Diego de Rojas',7,'2024-08-13 17:08:22','2024-08-13 17:08:22'),(603,'Dique Chico',7,'2024-08-13 17:08:22','2024-08-13 17:08:22'),(604,'El Arañado',7,'2024-08-13 17:08:22','2024-08-13 17:08:22'),(605,'El Brete',7,'2024-08-13 17:08:22','2024-08-13 17:08:22'),(606,'El Chacho',7,'2024-08-13 17:08:22','2024-08-13 17:08:22'),(607,'El Crispín',7,'2024-08-13 17:08:22','2024-08-13 17:08:22'),(608,'El Fortín',7,'2024-08-13 17:08:22','2024-08-13 17:08:22'),(609,'El Manzano',7,'2024-08-13 17:08:22','2024-08-13 17:08:22'),(610,'El Rastreador',7,'2024-08-13 17:08:22','2024-08-13 17:08:22'),(611,'El Rodeo',7,'2024-08-13 17:08:22','2024-08-13 17:08:22'),(612,'El Tío',7,'2024-08-13 17:08:22','2024-08-13 17:08:22'),(613,'Elena',7,'2024-08-13 17:08:22','2024-08-13 17:08:22'),(614,'Embalse',7,'2024-08-13 17:08:22','2024-08-13 17:08:22'),(615,'Esquina',7,'2024-08-13 17:08:22','2024-08-13 17:08:22'),(616,'Estación Gral. Paz',7,'2024-08-13 17:08:22','2024-08-13 17:08:22'),(617,'Estación Juárez Celman',7,'2024-08-13 17:08:22','2024-08-13 17:08:22'),(618,'Estancia de Guadalupe',7,'2024-08-13 17:08:22','2024-08-13 17:08:22'),(619,'Estancia Vieja',7,'2024-08-13 17:08:22','2024-08-13 17:08:22'),(620,'Etruria',7,'2024-08-13 17:08:22','2024-08-13 17:08:22'),(621,'Eufrasio Loza',7,'2024-08-13 17:08:22','2024-08-13 17:08:22'),(622,'Falda del Carmen',7,'2024-08-13 17:08:22','2024-08-13 17:08:22'),(623,'Freyre',7,'2024-08-13 17:08:22','2024-08-13 17:08:22'),(624,'Gral. Baldissera',7,'2024-08-13 17:08:22','2024-08-13 17:08:22'),(625,'Gral. Cabrera',7,'2024-08-13 17:08:22','2024-08-13 17:08:22'),(626,'Gral. Deheza',7,'2024-08-13 17:08:22','2024-08-13 17:08:22'),(627,'Gral. Fotheringham',7,'2024-08-13 17:08:22','2024-08-13 17:08:22'),(628,'Gral. Levalle',7,'2024-08-13 17:08:22','2024-08-13 17:08:22'),(629,'Gral. Roca',7,'2024-08-13 17:08:22','2024-08-13 17:08:22'),(630,'Guanaco Muerto',7,'2024-08-13 17:08:22','2024-08-13 17:08:22'),(631,'Guasapampa',7,'2024-08-13 17:08:22','2024-08-13 17:08:22'),(632,'Guatimozin',7,'2024-08-13 17:08:22','2024-08-13 17:08:22'),(633,'Gutenberg',7,'2024-08-13 17:08:22','2024-08-13 17:08:22'),(634,'Hernando',7,'2024-08-13 17:08:22','2024-08-13 17:08:22'),(635,'Huanchillas',7,'2024-08-13 17:08:22','2024-08-13 17:08:22'),(636,'Huerta Grande',7,'2024-08-13 17:08:22','2024-08-13 17:08:22'),(637,'Huinca Renanco',7,'2024-08-13 17:08:22','2024-08-13 17:08:22'),(638,'Idiazabal',7,'2024-08-13 17:08:22','2024-08-13 17:08:22'),(639,'Impira',7,'2024-08-13 17:08:22','2024-08-13 17:08:22'),(640,'Inriville',7,'2024-08-13 17:08:22','2024-08-13 17:08:22'),(641,'Isla Verde',7,'2024-08-13 17:08:22','2024-08-13 17:08:22'),(642,'Italó',7,'2024-08-13 17:08:22','2024-08-13 17:08:22'),(643,'James Craik',7,'2024-08-13 17:08:22','2024-08-13 17:08:22'),(644,'Jesús María',7,'2024-08-13 17:08:22','2024-08-13 17:08:22'),(645,'Jovita',7,'2024-08-13 17:08:22','2024-08-13 17:08:22'),(646,'Justiniano Posse',7,'2024-08-13 17:08:22','2024-08-13 17:08:22'),(647,'Km 658',7,'2024-08-13 17:08:22','2024-08-13 17:08:22'),(648,'L. V. Mansilla',7,'2024-08-13 17:08:22','2024-08-13 17:08:22'),(649,'La Batea',7,'2024-08-13 17:08:22','2024-08-13 17:08:22'),(650,'La Calera',7,'2024-08-13 17:08:22','2024-08-13 17:08:22'),(651,'La Carlota',7,'2024-08-13 17:08:22','2024-08-13 17:08:22'),(652,'La Carolina',7,'2024-08-13 17:08:22','2024-08-13 17:08:22'),(653,'La Cautiva',7,'2024-08-13 17:08:22','2024-08-13 17:08:22'),(654,'La Cesira',7,'2024-08-13 17:08:22','2024-08-13 17:08:22'),(655,'La Cruz',7,'2024-08-13 17:08:22','2024-08-13 17:08:22'),(656,'La Cumbre',7,'2024-08-13 17:08:22','2024-08-13 17:08:22'),(657,'La Cumbrecita',7,'2024-08-13 17:08:22','2024-08-13 17:08:22'),(658,'La Falda',7,'2024-08-13 17:08:22','2024-08-13 17:08:22'),(659,'La Francia',7,'2024-08-13 17:08:22','2024-08-13 17:08:22'),(660,'La Granja',7,'2024-08-13 17:08:22','2024-08-13 17:08:22'),(661,'La Higuera',7,'2024-08-13 17:08:22','2024-08-13 17:08:22'),(662,'La Laguna',7,'2024-08-13 17:08:22','2024-08-13 17:08:22'),(663,'La Paisanita',7,'2024-08-13 17:08:22','2024-08-13 17:08:22'),(664,'La Palestina',7,'2024-08-13 17:08:22','2024-08-13 17:08:22'),(665,'12',7,'2024-08-13 17:08:22','2024-08-13 17:08:22'),(666,'La Paquita',7,'2024-08-13 17:08:22','2024-08-13 17:08:22'),(667,'La Para',7,'2024-08-13 17:08:22','2024-08-13 17:08:22'),(668,'La Paz',7,'2024-08-13 17:08:22','2024-08-13 17:08:22'),(669,'La Playa',7,'2024-08-13 17:08:22','2024-08-13 17:08:22'),(670,'La Playosa',7,'2024-08-13 17:08:22','2024-08-13 17:08:22'),(671,'La Población',7,'2024-08-13 17:08:22','2024-08-13 17:08:22'),(672,'La Posta',7,'2024-08-13 17:08:22','2024-08-13 17:08:22'),(673,'La Puerta',7,'2024-08-13 17:08:22','2024-08-13 17:08:22'),(674,'La Quinta',7,'2024-08-13 17:08:22','2024-08-13 17:08:22'),(675,'La Rancherita',7,'2024-08-13 17:08:22','2024-08-13 17:08:22'),(676,'La Rinconada',7,'2024-08-13 17:08:22','2024-08-13 17:08:22'),(677,'La Serranita',7,'2024-08-13 17:08:22','2024-08-13 17:08:22'),(678,'La Tordilla',7,'2024-08-13 17:08:22','2024-08-13 17:08:22'),(679,'Laborde',7,'2024-08-13 17:08:22','2024-08-13 17:08:22'),(680,'Laboulaye',7,'2024-08-13 17:08:22','2024-08-13 17:08:22'),(681,'Laguna Larga',7,'2024-08-13 17:08:22','2024-08-13 17:08:22'),(682,'Las Acequias',7,'2024-08-13 17:08:22','2024-08-13 17:08:22'),(683,'Las Albahacas',7,'2024-08-13 17:08:22','2024-08-13 17:08:22'),(684,'Las Arrias',7,'2024-08-13 17:08:22','2024-08-13 17:08:22'),(685,'Las Bajadas',7,'2024-08-13 17:08:22','2024-08-13 17:08:22'),(686,'Las Caleras',7,'2024-08-13 17:08:22','2024-08-13 17:08:22'),(687,'Las Calles',7,'2024-08-13 17:08:22','2024-08-13 17:08:22'),(688,'Las Cañadas',7,'2024-08-13 17:08:22','2024-08-13 17:08:22'),(689,'Las Gramillas',7,'2024-08-13 17:08:22','2024-08-13 17:08:22'),(690,'Las Higueras',7,'2024-08-13 17:08:22','2024-08-13 17:08:22'),(691,'Las Isletillas',7,'2024-08-13 17:08:22','2024-08-13 17:08:22'),(692,'Las Junturas',7,'2024-08-13 17:08:22','2024-08-13 17:08:22'),(693,'Las Palmas',7,'2024-08-13 17:08:22','2024-08-13 17:08:22'),(694,'Las Peñas',7,'2024-08-13 17:08:22','2024-08-13 17:08:22'),(695,'Las Peñas Sud',7,'2024-08-13 17:08:22','2024-08-13 17:08:22'),(696,'Las Perdices',7,'2024-08-13 17:08:22','2024-08-13 17:08:22'),(697,'Las Playas',7,'2024-08-13 17:08:22','2024-08-13 17:08:22'),(698,'Las Rabonas',7,'2024-08-13 17:08:22','2024-08-13 17:08:22'),(699,'Las Saladas',7,'2024-08-13 17:08:22','2024-08-13 17:08:22'),(700,'Las Tapias',7,'2024-08-13 17:08:22','2024-08-13 17:08:22'),(701,'Las Varas',7,'2024-08-13 17:08:22','2024-08-13 17:08:22'),(702,'Las Varillas',7,'2024-08-13 17:08:22','2024-08-13 17:08:22'),(703,'Las Vertientes',7,'2024-08-13 17:08:22','2024-08-13 17:08:22'),(704,'Leguizamón',7,'2024-08-13 17:08:22','2024-08-13 17:08:22'),(705,'Leones',7,'2024-08-13 17:08:22','2024-08-13 17:08:22'),(706,'Los Cedros',7,'2024-08-13 17:08:22','2024-08-13 17:08:22'),(707,'Los Cerrillos',7,'2024-08-13 17:08:22','2024-08-13 17:08:22'),(708,'Los Chañaritos (C.E)',7,'2024-08-13 17:08:22','2024-08-13 17:08:22'),(709,'Los Chanaritos (R.S)',7,'2024-08-13 17:08:22','2024-08-13 17:08:22'),(710,'Los Cisnes',7,'2024-08-13 17:08:22','2024-08-13 17:08:22'),(711,'Los Cocos',7,'2024-08-13 17:08:22','2024-08-13 17:08:22'),(712,'Los Cóndores',7,'2024-08-13 17:08:22','2024-08-13 17:08:22'),(713,'Los Hornillos',7,'2024-08-13 17:08:22','2024-08-13 17:08:22'),(714,'Los Hoyos',7,'2024-08-13 17:08:22','2024-08-13 17:08:22'),(715,'Los Mistoles',7,'2024-08-13 17:08:22','2024-08-13 17:08:22'),(716,'Los Molinos',7,'2024-08-13 17:08:22','2024-08-13 17:08:22'),(717,'Los Pozos',7,'2024-08-13 17:08:22','2024-08-13 17:08:22'),(718,'Los Reartes',7,'2024-08-13 17:08:22','2024-08-13 17:08:22'),(719,'Los Surgentes',7,'2024-08-13 17:08:22','2024-08-13 17:08:22'),(720,'Los Talares',7,'2024-08-13 17:08:22','2024-08-13 17:08:22'),(721,'Los Zorros',7,'2024-08-13 17:08:22','2024-08-13 17:08:22'),(722,'Lozada',7,'2024-08-13 17:08:22','2024-08-13 17:08:22'),(723,'Luca',7,'2024-08-13 17:08:22','2024-08-13 17:08:22'),(724,'Luque',7,'2024-08-13 17:08:22','2024-08-13 17:08:22'),(725,'Luyaba',7,'2024-08-13 17:08:22','2024-08-13 17:08:22'),(726,'Malagueño',7,'2024-08-13 17:08:22','2024-08-13 17:08:22'),(727,'Malena',7,'2024-08-13 17:08:22','2024-08-13 17:08:22'),(728,'Malvinas Argentinas',7,'2024-08-13 17:08:22','2024-08-13 17:08:22'),(729,'Manfredi',7,'2024-08-13 17:08:22','2024-08-13 17:08:22'),(730,'Maquinista Gallini',7,'2024-08-13 17:08:22','2024-08-13 17:08:22'),(731,'Marcos Juárez',7,'2024-08-13 17:08:22','2024-08-13 17:08:22'),(732,'Marull',7,'2024-08-13 17:08:22','2024-08-13 17:08:22'),(733,'Matorrales',7,'2024-08-13 17:08:22','2024-08-13 17:08:22'),(734,'Mattaldi',7,'2024-08-13 17:08:22','2024-08-13 17:08:22'),(735,'Mayu Sumaj',7,'2024-08-13 17:08:22','2024-08-13 17:08:22'),(736,'Media Naranja',7,'2024-08-13 17:08:22','2024-08-13 17:08:22'),(737,'Melo',7,'2024-08-13 17:08:22','2024-08-13 17:08:22'),(738,'Mendiolaza',7,'2024-08-13 17:08:22','2024-08-13 17:08:22'),(739,'Mi Granja',7,'2024-08-13 17:08:22','2024-08-13 17:08:22'),(740,'Mina Clavero',7,'2024-08-13 17:08:22','2024-08-13 17:08:22'),(741,'Miramar',7,'2024-08-13 17:08:22','2024-08-13 17:08:22'),(742,'Morrison',7,'2024-08-13 17:08:22','2024-08-13 17:08:22'),(743,'Morteros',7,'2024-08-13 17:08:22','2024-08-13 17:08:22'),(744,'Mte. Buey',7,'2024-08-13 17:08:22','2024-08-13 17:08:22'),(745,'Mte. Cristo',7,'2024-08-13 17:08:22','2024-08-13 17:08:22'),(746,'Mte. De Los Gauchos',7,'2024-08-13 17:08:22','2024-08-13 17:08:22'),(747,'Mte. Leña',7,'2024-08-13 17:08:22','2024-08-13 17:08:22'),(748,'Mte. Maíz',7,'2024-08-13 17:08:22','2024-08-13 17:08:22'),(749,'Mte. Ralo',7,'2024-08-13 17:08:22','2024-08-13 17:08:22'),(750,'Nicolás Bruzone',7,'2024-08-13 17:08:22','2024-08-13 17:08:22'),(751,'Noetinger',7,'2024-08-13 17:08:22','2024-08-13 17:08:22'),(752,'Nono',7,'2024-08-13 17:08:22','2024-08-13 17:08:22'),(753,'Nueva 7',7,'2024-08-13 17:08:22','2024-08-13 17:08:22'),(754,'Obispo Trejo',7,'2024-08-13 17:08:22','2024-08-13 17:08:22'),(755,'Olaeta',7,'2024-08-13 17:08:22','2024-08-13 17:08:22'),(756,'Oliva',7,'2024-08-13 17:08:22','2024-08-13 17:08:22'),(757,'Olivares San Nicolás',7,'2024-08-13 17:08:22','2024-08-13 17:08:22'),(758,'Onagolty',7,'2024-08-13 17:08:22','2024-08-13 17:08:22'),(759,'Oncativo',7,'2024-08-13 17:08:22','2024-08-13 17:08:22'),(760,'Ordoñez',7,'2024-08-13 17:08:22','2024-08-13 17:08:22'),(761,'Pacheco De Melo',7,'2024-08-13 17:08:22','2024-08-13 17:08:22'),(762,'Pampayasta N.',7,'2024-08-13 17:08:22','2024-08-13 17:08:22'),(763,'Pampayasta S.',7,'2024-08-13 17:08:22','2024-08-13 17:08:22'),(764,'Panaholma',7,'2024-08-13 17:08:22','2024-08-13 17:08:22'),(765,'Pascanas',7,'2024-08-13 17:08:22','2024-08-13 17:08:22'),(766,'Pasco',7,'2024-08-13 17:08:22','2024-08-13 17:08:22'),(767,'Paso del Durazno',7,'2024-08-13 17:08:22','2024-08-13 17:08:22'),(768,'Paso Viejo',7,'2024-08-13 17:08:22','2024-08-13 17:08:22'),(769,'Pilar',7,'2024-08-13 17:08:22','2024-08-13 17:08:22'),(770,'Pincén',7,'2024-08-13 17:08:22','2024-08-13 17:08:22'),(771,'Piquillín',7,'2024-08-13 17:08:22','2024-08-13 17:08:22'),(772,'Plaza de Mercedes',7,'2024-08-13 17:08:22','2024-08-13 17:08:22'),(773,'Plaza Luxardo',7,'2024-08-13 17:08:22','2024-08-13 17:08:22'),(774,'Porteña',7,'2024-08-13 17:08:22','2024-08-13 17:08:22'),(775,'Potrero de Garay',7,'2024-08-13 17:08:22','2024-08-13 17:08:22'),(776,'Pozo del Molle',7,'2024-08-13 17:08:22','2024-08-13 17:08:22'),(777,'Pozo Nuevo',7,'2024-08-13 17:08:22','2024-08-13 17:08:22'),(778,'Pueblo Italiano',7,'2024-08-13 17:08:22','2024-08-13 17:08:22'),(779,'Puesto de Castro',7,'2024-08-13 17:08:22','2024-08-13 17:08:22'),(780,'Punta del Agua',7,'2024-08-13 17:08:22','2024-08-13 17:08:22'),(781,'Quebracho Herrado',7,'2024-08-13 17:08:22','2024-08-13 17:08:22'),(782,'Quilino',7,'2024-08-13 17:08:22','2024-08-13 17:08:22'),(783,'Rafael García',7,'2024-08-13 17:08:22','2024-08-13 17:08:22'),(784,'Ranqueles',7,'2024-08-13 17:08:22','2024-08-13 17:08:22'),(785,'Rayo Cortado',7,'2024-08-13 17:08:22','2024-08-13 17:08:22'),(786,'Reducción',7,'2024-08-13 17:08:22','2024-08-13 17:08:22'),(787,'Rincón',7,'2024-08-13 17:08:22','2024-08-13 17:08:22'),(788,'Río Bamba',7,'2024-08-13 17:08:22','2024-08-13 17:08:22'),(789,'Río Ceballos',7,'2024-08-13 17:08:22','2024-08-13 17:08:22'),(790,'Río Cuarto',7,'2024-08-13 17:08:22','2024-08-13 17:08:22'),(791,'Río de Los Sauces',7,'2024-08-13 17:08:22','2024-08-13 17:08:22'),(792,'Río Primero',7,'2024-08-13 17:08:22','2024-08-13 17:08:22'),(793,'Río Segundo',7,'2024-08-13 17:08:22','2024-08-13 17:08:22'),(794,'Río Tercero',7,'2024-08-13 17:08:22','2024-08-13 17:08:22'),(795,'Rosales',7,'2024-08-13 17:08:22','2024-08-13 17:08:22'),(796,'Rosario del Saladillo',7,'2024-08-13 17:08:22','2024-08-13 17:08:22'),(797,'Sacanta',7,'2024-08-13 17:08:22','2024-08-13 17:08:22'),(798,'Sagrada Familia',7,'2024-08-13 17:08:22','2024-08-13 17:08:22'),(799,'Saira',7,'2024-08-13 17:08:22','2024-08-13 17:08:22'),(800,'Saladillo',7,'2024-08-13 17:08:22','2024-08-13 17:08:22'),(801,'Saldán',7,'2024-08-13 17:08:22','2024-08-13 17:08:22'),(802,'Salsacate',7,'2024-08-13 17:08:22','2024-08-13 17:08:22'),(803,'Salsipuedes',7,'2024-08-13 17:08:22','2024-08-13 17:08:22'),(804,'Sampacho',7,'2024-08-13 17:08:22','2024-08-13 17:08:22'),(805,'San Agustín',7,'2024-08-13 17:08:22','2024-08-13 17:08:22'),(806,'San Antonio de Arredondo',7,'2024-08-13 17:08:22','2024-08-13 17:08:22'),(807,'San Antonio de Litín',7,'2024-08-13 17:08:22','2024-08-13 17:08:22'),(808,'San Basilio',7,'2024-08-13 17:08:22','2024-08-13 17:08:22'),(809,'San Carlos Minas',7,'2024-08-13 17:08:22','2024-08-13 17:08:22'),(810,'San Clemente',7,'2024-08-13 17:08:22','2024-08-13 17:08:22'),(811,'San Esteban',7,'2024-08-13 17:08:22','2024-08-13 17:08:22'),(812,'San Francisco',7,'2024-08-13 17:08:22','2024-08-13 17:08:22'),(813,'San Ignacio',7,'2024-08-13 17:08:22','2024-08-13 17:08:22'),(814,'San Javier',7,'2024-08-13 17:08:22','2024-08-13 17:08:22'),(815,'San Jerónimo',7,'2024-08-13 17:08:22','2024-08-13 17:08:22'),(816,'San Joaquín',7,'2024-08-13 17:08:22','2024-08-13 17:08:22'),(817,'San José de La Dormida',7,'2024-08-13 17:08:22','2024-08-13 17:08:22'),(818,'San José de Las Salinas',7,'2024-08-13 17:08:22','2024-08-13 17:08:22'),(819,'San Lorenzo',7,'2024-08-13 17:08:22','2024-08-13 17:08:22'),(820,'San Marcos Sierras',7,'2024-08-13 17:08:22','2024-08-13 17:08:22'),(821,'San Marcos Sud',7,'2024-08-13 17:08:22','2024-08-13 17:08:22'),(822,'San Pedro',7,'2024-08-13 17:08:22','2024-08-13 17:08:22'),(823,'San Pedro N.',7,'2024-08-13 17:08:22','2024-08-13 17:08:22'),(824,'San Roque',7,'2024-08-13 17:08:22','2024-08-13 17:08:22'),(825,'San Vicente',7,'2024-08-13 17:08:22','2024-08-13 17:08:22'),(826,'Santa Catalina',7,'2024-08-13 17:08:22','2024-08-13 17:08:22'),(827,'Santa Elena',7,'2024-08-13 17:08:22','2024-08-13 17:08:22'),(828,'Santa Eufemia',7,'2024-08-13 17:08:22','2024-08-13 17:08:22'),(829,'Santa Maria',7,'2024-08-13 17:08:22','2024-08-13 17:08:22'),(830,'Sarmiento',7,'2024-08-13 17:08:22','2024-08-13 17:08:22'),(831,'Saturnino M.Laspiur',7,'2024-08-13 17:08:22','2024-08-13 17:08:22'),(832,'Sauce Arriba',7,'2024-08-13 17:08:22','2024-08-13 17:08:22'),(833,'Sebastián Elcano',7,'2024-08-13 17:08:22','2024-08-13 17:08:22'),(834,'Seeber',7,'2024-08-13 17:08:22','2024-08-13 17:08:22'),(835,'Segunda Usina',7,'2024-08-13 17:08:22','2024-08-13 17:08:22'),(836,'Serrano',7,'2024-08-13 17:08:22','2024-08-13 17:08:22'),(837,'Serrezuela',7,'2024-08-13 17:08:22','2024-08-13 17:08:22'),(838,'Sgo. Temple',7,'2024-08-13 17:08:22','2024-08-13 17:08:22'),(839,'Silvio Pellico',7,'2024-08-13 17:08:22','2024-08-13 17:08:22'),(840,'Simbolar',7,'2024-08-13 17:08:22','2024-08-13 17:08:22'),(841,'Sinsacate',7,'2024-08-13 17:08:22','2024-08-13 17:08:22'),(842,'Sta. Rosa de Calamuchita',7,'2024-08-13 17:08:22','2024-08-13 17:08:22'),(843,'Sta. Rosa de Río Primero',7,'2024-08-13 17:08:22','2024-08-13 17:08:22'),(844,'Suco',7,'2024-08-13 17:08:22','2024-08-13 17:08:22'),(845,'Tala Cañada',7,'2024-08-13 17:08:22','2024-08-13 17:08:22'),(846,'Tala Huasi',7,'2024-08-13 17:08:22','2024-08-13 17:08:22'),(847,'Talaini',7,'2024-08-13 17:08:22','2024-08-13 17:08:22'),(848,'Tancacha',7,'2024-08-13 17:08:22','2024-08-13 17:08:22'),(849,'Tanti',7,'2024-08-13 17:08:22','2024-08-13 17:08:22'),(850,'Ticino',7,'2024-08-13 17:08:22','2024-08-13 17:08:22'),(851,'Tinoco',7,'2024-08-13 17:08:22','2024-08-13 17:08:22'),(852,'Tío Pujio',7,'2024-08-13 17:08:22','2024-08-13 17:08:22'),(853,'Toledo',7,'2024-08-13 17:08:22','2024-08-13 17:08:22'),(854,'Toro Pujio',7,'2024-08-13 17:08:22','2024-08-13 17:08:22'),(855,'Tosno',7,'2024-08-13 17:08:22','2024-08-13 17:08:22'),(856,'Tosquita',7,'2024-08-13 17:08:22','2024-08-13 17:08:22'),(857,'Tránsito',7,'2024-08-13 17:08:22','2024-08-13 17:08:22'),(858,'Tuclame',7,'2024-08-13 17:08:22','2024-08-13 17:08:22'),(859,'Tutti',7,'2024-08-13 17:08:22','2024-08-13 17:08:22'),(860,'Ucacha',7,'2024-08-13 17:08:22','2024-08-13 17:08:22'),(861,'Unquillo',7,'2024-08-13 17:08:22','2024-08-13 17:08:22'),(862,'Valle de Anisacate',7,'2024-08-13 17:08:22','2024-08-13 17:08:22'),(863,'Valle Hermoso',7,'2024-08-13 17:08:22','2024-08-13 17:08:22'),(864,'Vélez Sarfield',7,'2024-08-13 17:08:22','2024-08-13 17:08:22'),(865,'Viamonte',7,'2024-08-13 17:08:22','2024-08-13 17:08:22'),(866,'Vicuña Mackenna',7,'2024-08-13 17:08:22','2024-08-13 17:08:22'),(867,'Villa Allende',7,'2024-08-13 17:08:22','2024-08-13 17:08:22'),(868,'Villa Amancay',7,'2024-08-13 17:08:22','2024-08-13 17:08:22'),(869,'Villa Ascasubi',7,'2024-08-13 17:08:22','2024-08-13 17:08:22'),(870,'Villa Candelaria N.',7,'2024-08-13 17:08:22','2024-08-13 17:08:22'),(871,'Villa Carlos Paz',7,'2024-08-13 17:08:22','2024-08-13 17:08:22'),(872,'Villa Cerro Azul',7,'2024-08-13 17:08:22','2024-08-13 17:08:22'),(873,'Villa Ciudad de América',7,'2024-08-13 17:08:22','2024-08-13 17:08:22'),(874,'Villa Ciudad Pque Los Reartes',7,'2024-08-13 17:08:22','2024-08-13 17:08:22'),(875,'Villa Concepción del Tío',7,'2024-08-13 17:08:22','2024-08-13 17:08:22'),(876,'Villa Cura Brochero',7,'2024-08-13 17:08:22','2024-08-13 17:08:22'),(877,'Villa de Las Rosas',7,'2024-08-13 17:08:22','2024-08-13 17:08:22'),(878,'Villa de María',7,'2024-08-13 17:08:22','2024-08-13 17:08:22'),(879,'Villa de Pocho',7,'2024-08-13 17:08:22','2024-08-13 17:08:22'),(880,'Villa de Soto',7,'2024-08-13 17:08:22','2024-08-13 17:08:22'),(881,'Villa del Dique',7,'2024-08-13 17:08:22','2024-08-13 17:08:22'),(882,'Villa del Prado',7,'2024-08-13 17:08:22','2024-08-13 17:08:22'),(883,'Villa del Rosario',7,'2024-08-13 17:08:22','2024-08-13 17:08:22'),(884,'Villa del Totoral',7,'2024-08-13 17:08:22','2024-08-13 17:08:22'),(885,'Villa Dolores',7,'2024-08-13 17:08:22','2024-08-13 17:08:22'),(886,'Villa El Chancay',7,'2024-08-13 17:08:22','2024-08-13 17:08:22'),(887,'Villa Elisa',7,'2024-08-13 17:08:22','2024-08-13 17:08:22'),(888,'Villa Flor Serrana',7,'2024-08-13 17:08:22','2024-08-13 17:08:22'),(889,'Villa Fontana',7,'2024-08-13 17:08:22','2024-08-13 17:08:22'),(890,'Villa Giardino',7,'2024-08-13 17:08:22','2024-08-13 17:08:22'),(891,'Villa Gral. Belgrano',7,'2024-08-13 17:08:22','2024-08-13 17:08:22'),(892,'Villa Gutierrez',7,'2024-08-13 17:08:22','2024-08-13 17:08:22'),(893,'Villa Huidobro',7,'2024-08-13 17:08:22','2024-08-13 17:08:22'),(894,'Villa La Bolsa',7,'2024-08-13 17:08:22','2024-08-13 17:08:22'),(895,'Villa Los Aromos',7,'2024-08-13 17:08:22','2024-08-13 17:08:22'),(896,'Villa Los Patos',7,'2024-08-13 17:08:22','2024-08-13 17:08:22'),(897,'Villa María',7,'2024-08-13 17:08:22','2024-08-13 17:08:22'),(898,'Villa Nueva',7,'2024-08-13 17:08:22','2024-08-13 17:08:22'),(899,'Villa Pque. Santa Ana',7,'2024-08-13 17:08:22','2024-08-13 17:08:22'),(900,'Villa Pque. Siquiman',7,'2024-08-13 17:08:22','2024-08-13 17:08:22'),(901,'Villa Quillinzo',7,'2024-08-13 17:08:22','2024-08-13 17:08:22'),(902,'Villa Rossi',7,'2024-08-13 17:08:22','2024-08-13 17:08:22'),(903,'Villa Rumipal',7,'2024-08-13 17:08:22','2024-08-13 17:08:22'),(904,'Villa San Esteban',7,'2024-08-13 17:08:22','2024-08-13 17:08:22'),(905,'Villa San Isidro',7,'2024-08-13 17:08:22','2024-08-13 17:08:22'),(906,'Villa 21',7,'2024-08-13 17:08:22','2024-08-13 17:08:22'),(907,'Villa Sarmiento (G.R)',7,'2024-08-13 17:08:22','2024-08-13 17:08:22'),(908,'Villa Sarmiento (S.A)',7,'2024-08-13 17:08:22','2024-08-13 17:08:22'),(909,'Villa Tulumba',7,'2024-08-13 17:08:22','2024-08-13 17:08:22'),(910,'Villa Valeria',7,'2024-08-13 17:08:22','2024-08-13 17:08:22'),(911,'Villa Yacanto',7,'2024-08-13 17:08:22','2024-08-13 17:08:22'),(912,'Washington',7,'2024-08-13 17:08:22','2024-08-13 17:08:22'),(913,'Wenceslao Escalante',7,'2024-08-13 17:08:22','2024-08-13 17:08:22'),(914,'Ycho Cruz Sierras',7,'2024-08-13 17:08:22','2024-08-13 17:08:22'),(915,'Alvear',8,'2024-08-13 17:08:22','2024-08-13 17:08:22'),(916,'Bella Vista',8,'2024-08-13 17:08:22','2024-08-13 17:08:22'),(917,'Berón de Astrada',8,'2024-08-13 17:08:22','2024-08-13 17:08:22'),(918,'Bonpland',8,'2024-08-13 17:08:22','2024-08-13 17:08:22'),(919,'Caá Cati',8,'2024-08-13 17:08:22','2024-08-13 17:08:22'),(920,'Capital',8,'2024-08-13 17:08:22','2024-08-13 17:08:22'),(921,'Chavarría',8,'2024-08-13 17:08:22','2024-08-13 17:08:22'),(922,'Col. C. Pellegrini',8,'2024-08-13 17:08:22','2024-08-13 17:08:22'),(923,'Col. Libertad',8,'2024-08-13 17:08:22','2024-08-13 17:08:22'),(924,'Col. Liebig',8,'2024-08-13 17:08:22','2024-08-13 17:08:22'),(925,'Col. Sta Rosa',8,'2024-08-13 17:08:22','2024-08-13 17:08:22'),(926,'Concepción',8,'2024-08-13 17:08:22','2024-08-13 17:08:22'),(927,'Cruz de Los Milagros',8,'2024-08-13 17:08:22','2024-08-13 17:08:22'),(928,'Curuzú-Cuatiá',8,'2024-08-13 17:08:22','2024-08-13 17:08:22'),(929,'Empedrado',8,'2024-08-13 17:08:22','2024-08-13 17:08:22'),(930,'Esquina',8,'2024-08-13 17:08:22','2024-08-13 17:08:22'),(931,'Estación Torrent',8,'2024-08-13 17:08:22','2024-08-13 17:08:22'),(932,'Felipe Yofré',8,'2024-08-13 17:08:22','2024-08-13 17:08:22'),(933,'Garruchos',8,'2024-08-13 17:08:22','2024-08-13 17:08:22'),(934,'Gdor. Agrónomo',8,'2024-08-13 17:08:22','2024-08-13 17:08:22'),(935,'Gdor. Martínez',8,'2024-08-13 17:08:22','2024-08-13 17:08:22'),(936,'Goya',8,'2024-08-13 17:08:22','2024-08-13 17:08:22'),(937,'Guaviravi',8,'2024-08-13 17:08:22','2024-08-13 17:08:22'),(938,'Herlitzka',8,'2024-08-13 17:08:22','2024-08-13 17:08:22'),(939,'Ita-Ibate',8,'2024-08-13 17:08:22','2024-08-13 17:08:22'),(940,'Itatí',8,'2024-08-13 17:08:22','2024-08-13 17:08:22'),(941,'Ituzaingó',8,'2024-08-13 17:08:22','2024-08-13 17:08:22'),(942,'José Rafael Gómez',8,'2024-08-13 17:08:22','2024-08-13 17:08:22'),(943,'Juan Pujol',8,'2024-08-13 17:08:22','2024-08-13 17:08:22'),(944,'La Cruz',8,'2024-08-13 17:08:22','2024-08-13 17:08:22'),(945,'Lavalle',8,'2024-08-13 17:08:22','2024-08-13 17:08:22'),(946,'Lomas de Vallejos',8,'2024-08-13 17:08:22','2024-08-13 17:08:22'),(947,'Loreto',8,'2024-08-13 17:08:22','2024-08-13 17:08:22'),(948,'Mariano I. Loza',8,'2024-08-13 17:08:22','2024-08-13 17:08:22'),(949,'Mburucuyá',8,'2024-08-13 17:08:22','2024-08-13 17:08:22'),(950,'Mercedes',8,'2024-08-13 17:08:22','2024-08-13 17:08:22'),(951,'Mocoretá',8,'2024-08-13 17:08:22','2024-08-13 17:08:22'),(952,'Mte. Caseros',8,'2024-08-13 17:08:22','2024-08-13 17:08:22'),(953,'Nueve de Julio',8,'2024-08-13 17:08:22','2024-08-13 17:08:22'),(954,'Palmar Grande',8,'2024-08-13 17:08:22','2024-08-13 17:08:22'),(955,'Parada Pucheta',8,'2024-08-13 17:08:22','2024-08-13 17:08:22'),(956,'Paso de La Patria',8,'2024-08-13 17:08:22','2024-08-13 17:08:22'),(957,'Paso de Los Libres',8,'2024-08-13 17:08:22','2024-08-13 17:08:22'),(958,'Pedro R. Fernandez',8,'2024-08-13 17:08:22','2024-08-13 17:08:22'),(959,'Perugorría',8,'2024-08-13 17:08:22','2024-08-13 17:08:22'),(960,'Pueblo Libertador',8,'2024-08-13 17:08:22','2024-08-13 17:08:22'),(961,'Ramada Paso',8,'2024-08-13 17:08:22','2024-08-13 17:08:22'),(962,'Riachuelo',8,'2024-08-13 17:08:22','2024-08-13 17:08:22'),(963,'Saladas',8,'2024-08-13 17:08:22','2024-08-13 17:08:22'),(964,'San Antonio',8,'2024-08-13 17:08:22','2024-08-13 17:08:22'),(965,'San Carlos',8,'2024-08-13 17:08:22','2024-08-13 17:08:22'),(966,'San Cosme',8,'2024-08-13 17:08:22','2024-08-13 17:08:22'),(967,'San Lorenzo',8,'2024-08-13 17:08:22','2024-08-13 17:08:22'),(968,'20 del Palmar',8,'2024-08-13 17:08:22','2024-08-13 17:08:22'),(969,'San Miguel',8,'2024-08-13 17:08:22','2024-08-13 17:08:22'),(970,'San Roque',8,'2024-08-13 17:08:22','2024-08-13 17:08:22'),(971,'Santa Ana',8,'2024-08-13 17:08:22','2024-08-13 17:08:22'),(972,'Santa Lucía',8,'2024-08-13 17:08:22','2024-08-13 17:08:22'),(973,'Santo Tomé',8,'2024-08-13 17:08:22','2024-08-13 17:08:22'),(974,'Sauce',8,'2024-08-13 17:08:22','2024-08-13 17:08:22'),(975,'Tabay',8,'2024-08-13 17:08:22','2024-08-13 17:08:22'),(976,'Tapebicuá',8,'2024-08-13 17:08:22','2024-08-13 17:08:22'),(977,'Tatacua',8,'2024-08-13 17:08:22','2024-08-13 17:08:22'),(978,'Virasoro',8,'2024-08-13 17:08:22','2024-08-13 17:08:22'),(979,'Yapeyú',8,'2024-08-13 17:08:22','2024-08-13 17:08:22'),(980,'Yataití Calle',8,'2024-08-13 17:08:22','2024-08-13 17:08:22'),(981,'Alarcón',9,'2024-08-13 17:08:22','2024-08-13 17:08:22'),(982,'Alcaraz',9,'2024-08-13 17:08:22','2024-08-13 17:08:22'),(983,'Alcaraz N.',9,'2024-08-13 17:08:22','2024-08-13 17:08:22'),(984,'Alcaraz S.',9,'2024-08-13 17:08:22','2024-08-13 17:08:22'),(985,'Aldea Asunción',9,'2024-08-13 17:08:22','2024-08-13 17:08:22'),(986,'Aldea Brasilera',9,'2024-08-13 17:08:22','2024-08-13 17:08:22'),(987,'Aldea Elgenfeld',9,'2024-08-13 17:08:22','2024-08-13 17:08:22'),(988,'Aldea Grapschental',9,'2024-08-13 17:08:22','2024-08-13 17:08:22'),(989,'Aldea Ma. Luisa',9,'2024-08-13 17:08:22','2024-08-13 17:08:22'),(990,'Aldea Protestante',9,'2024-08-13 17:08:22','2024-08-13 17:08:22'),(991,'Aldea Salto',9,'2024-08-13 17:08:22','2024-08-13 17:08:22'),(992,'Aldea San Antonio (G)',9,'2024-08-13 17:08:22','2024-08-13 17:08:22'),(993,'Aldea San Antonio (P)',9,'2024-08-13 17:08:22','2024-08-13 17:08:22'),(994,'Aldea 19',9,'2024-08-13 17:08:22','2024-08-13 17:08:22'),(995,'Aldea San Miguel',9,'2024-08-13 17:08:22','2024-08-13 17:08:22'),(996,'Aldea San Rafael',9,'2024-08-13 17:08:22','2024-08-13 17:08:22'),(997,'Aldea Spatzenkutter',9,'2024-08-13 17:08:22','2024-08-13 17:08:22'),(998,'Aldea Sta. María',9,'2024-08-13 17:08:22','2024-08-13 17:08:22'),(999,'Aldea Sta. Rosa',9,'2024-08-13 17:08:22','2024-08-13 17:08:22'),(1000,'Aldea Valle María',9,'2024-08-13 17:08:22','2024-08-13 17:08:22'),(1001,'Altamirano Sur',9,'2024-08-13 17:08:22','2024-08-13 17:08:22'),(1002,'Antelo',9,'2024-08-13 17:08:22','2024-08-13 17:08:22'),(1003,'Antonio Tomás',9,'2024-08-13 17:08:22','2024-08-13 17:08:22'),(1004,'Aranguren',9,'2024-08-13 17:08:22','2024-08-13 17:08:22'),(1005,'Arroyo Barú',9,'2024-08-13 17:08:22','2024-08-13 17:08:22'),(1006,'Arroyo Burgos',9,'2024-08-13 17:08:22','2024-08-13 17:08:22'),(1007,'Arroyo Clé',9,'2024-08-13 17:08:22','2024-08-13 17:08:22'),(1008,'Arroyo Corralito',9,'2024-08-13 17:08:22','2024-08-13 17:08:22'),(1009,'Arroyo del Medio',9,'2024-08-13 17:08:22','2024-08-13 17:08:22'),(1010,'Arroyo Maturrango',9,'2024-08-13 17:08:22','2024-08-13 17:08:22'),(1011,'Arroyo Palo Seco',9,'2024-08-13 17:08:22','2024-08-13 17:08:22'),(1012,'Banderas',9,'2024-08-13 17:08:22','2024-08-13 17:08:22'),(1013,'Basavilbaso',9,'2024-08-13 17:08:22','2024-08-13 17:08:22'),(1014,'Betbeder',9,'2024-08-13 17:08:22','2024-08-13 17:08:22'),(1015,'Bovril',9,'2024-08-13 17:08:22','2024-08-13 17:08:22'),(1016,'Caseros',9,'2024-08-13 17:08:22','2024-08-13 17:08:22'),(1017,'Ceibas',9,'2024-08-13 17:08:22','2024-08-13 17:08:22'),(1018,'Cerrito',9,'2024-08-13 17:08:22','2024-08-13 17:08:22'),(1019,'Chajarí',9,'2024-08-13 17:08:22','2024-08-13 17:08:22'),(1020,'Chilcas',9,'2024-08-13 17:08:22','2024-08-13 17:08:22'),(1021,'Clodomiro Ledesma',9,'2024-08-13 17:08:22','2024-08-13 17:08:22'),(1022,'Col. Alemana',9,'2024-08-13 17:08:22','2024-08-13 17:08:22'),(1023,'Col. Avellaneda',9,'2024-08-13 17:08:22','2024-08-13 17:08:22'),(1024,'Col. Avigdor',9,'2024-08-13 17:08:22','2024-08-13 17:08:22'),(1025,'Col. Ayuí',9,'2024-08-13 17:08:22','2024-08-13 17:08:22'),(1026,'Col. Baylina',9,'2024-08-13 17:08:22','2024-08-13 17:08:22'),(1027,'Col. Carrasco',9,'2024-08-13 17:08:22','2024-08-13 17:08:22'),(1028,'Col. Celina',9,'2024-08-13 17:08:22','2024-08-13 17:08:22'),(1029,'Col. Cerrito',9,'2024-08-13 17:08:22','2024-08-13 17:08:22'),(1030,'Col. Crespo',9,'2024-08-13 17:08:22','2024-08-13 17:08:22'),(1031,'Col. Elia',9,'2024-08-13 17:08:22','2024-08-13 17:08:22'),(1032,'Col. Ensayo',9,'2024-08-13 17:08:22','2024-08-13 17:08:22'),(1033,'Col. Gral. Roca',9,'2024-08-13 17:08:22','2024-08-13 17:08:22'),(1034,'Col. La Argentina',9,'2024-08-13 17:08:22','2024-08-13 17:08:22'),(1035,'Col. Merou',9,'2024-08-13 17:08:22','2024-08-13 17:08:22'),(1036,'Col. Oficial Nª3',9,'2024-08-13 17:08:22','2024-08-13 17:08:22'),(1037,'Col. Oficial Nº13',9,'2024-08-13 17:08:22','2024-08-13 17:08:22'),(1038,'Col. Oficial Nº14',9,'2024-08-13 17:08:22','2024-08-13 17:08:22'),(1039,'Col. Oficial Nº5',9,'2024-08-13 17:08:22','2024-08-13 17:08:22'),(1040,'Col. Reffino',9,'2024-08-13 17:08:22','2024-08-13 17:08:22'),(1041,'Col. Tunas',9,'2024-08-13 17:08:22','2024-08-13 17:08:22'),(1042,'Col. Viraró',9,'2024-08-13 17:08:22','2024-08-13 17:08:22'),(1043,'Colón',9,'2024-08-13 17:08:22','2024-08-13 17:08:22'),(1044,'Concepción del Uruguay',9,'2024-08-13 17:08:22','2024-08-13 17:08:22'),(1045,'Concordia',9,'2024-08-13 17:08:22','2024-08-13 17:08:22'),(1046,'Conscripto Bernardi',9,'2024-08-13 17:08:22','2024-08-13 17:08:22'),(1047,'Costa Grande',9,'2024-08-13 17:08:22','2024-08-13 17:08:22'),(1048,'Costa San Antonio',9,'2024-08-13 17:08:22','2024-08-13 17:08:22'),(1049,'Costa Uruguay N.',9,'2024-08-13 17:08:22','2024-08-13 17:08:22'),(1050,'Costa Uruguay S.',9,'2024-08-13 17:08:22','2024-08-13 17:08:22'),(1051,'Crespo',9,'2024-08-13 17:08:22','2024-08-13 17:08:22'),(1052,'Crucecitas 3ª',9,'2024-08-13 17:08:22','2024-08-13 17:08:22'),(1053,'Crucecitas 7ª',9,'2024-08-13 17:08:22','2024-08-13 17:08:22'),(1054,'Crucecitas 8ª',9,'2024-08-13 17:08:22','2024-08-13 17:08:22'),(1055,'Cuchilla Redonda',9,'2024-08-13 17:08:22','2024-08-13 17:08:22'),(1056,'Curtiembre',9,'2024-08-13 17:08:22','2024-08-13 17:08:22'),(1057,'Diamante',9,'2024-08-13 17:08:22','2024-08-13 17:08:22'),(1058,'Distrito 6º',9,'2024-08-13 17:08:22','2024-08-13 17:08:22'),(1059,'Distrito Chañar',9,'2024-08-13 17:08:22','2024-08-13 17:08:22'),(1060,'Distrito Chiqueros',9,'2024-08-13 17:08:22','2024-08-13 17:08:22'),(1061,'Distrito Cuarto',9,'2024-08-13 17:08:22','2024-08-13 17:08:22'),(1062,'Distrito Diego López',9,'2024-08-13 17:08:22','2024-08-13 17:08:22'),(1063,'Distrito Pajonal',9,'2024-08-13 17:08:22','2024-08-13 17:08:22'),(1064,'Distrito Sauce',9,'2024-08-13 17:08:22','2024-08-13 17:08:22'),(1065,'Distrito Tala',9,'2024-08-13 17:08:22','2024-08-13 17:08:22'),(1066,'Distrito Talitas',9,'2024-08-13 17:08:22','2024-08-13 17:08:22'),(1067,'Don Cristóbal 1ª Sección',9,'2024-08-13 17:08:22','2024-08-13 17:08:22'),(1068,'Don Cristóbal 2ª Sección',9,'2024-08-13 17:08:22','2024-08-13 17:08:22'),(1069,'Durazno',9,'2024-08-13 17:08:22','2024-08-13 17:08:22'),(1070,'El Cimarrón',9,'2024-08-13 17:08:22','2024-08-13 17:08:22'),(1071,'El Gramillal',9,'2024-08-13 17:08:22','2024-08-13 17:08:22'),(1072,'El Palenque',9,'2024-08-13 17:08:22','2024-08-13 17:08:22'),(1073,'El Pingo',9,'2024-08-13 17:08:22','2024-08-13 17:08:22'),(1074,'El Quebracho',9,'2024-08-13 17:08:22','2024-08-13 17:08:22'),(1075,'El Redomón',9,'2024-08-13 17:08:22','2024-08-13 17:08:22'),(1076,'El Solar',9,'2024-08-13 17:08:22','2024-08-13 17:08:22'),(1077,'Enrique Carbo',9,'2024-08-13 17:08:22','2024-08-13 17:08:22'),(1078,'9',9,'2024-08-13 17:08:22','2024-08-13 17:08:22'),(1079,'Espinillo N.',9,'2024-08-13 17:08:22','2024-08-13 17:08:22'),(1080,'Estación Campos',9,'2024-08-13 17:08:22','2024-08-13 17:08:22'),(1081,'Estación Escriña',9,'2024-08-13 17:08:22','2024-08-13 17:08:22'),(1082,'Estación Lazo',9,'2024-08-13 17:08:22','2024-08-13 17:08:22'),(1083,'Estación Raíces',9,'2024-08-13 17:08:22','2024-08-13 17:08:22'),(1084,'Estación Yerúa',9,'2024-08-13 17:08:22','2024-08-13 17:08:22'),(1085,'Estancia Grande',9,'2024-08-13 17:08:22','2024-08-13 17:08:22'),(1086,'Estancia Líbaros',9,'2024-08-13 17:08:22','2024-08-13 17:08:22'),(1087,'Estancia Racedo',9,'2024-08-13 17:08:22','2024-08-13 17:08:22'),(1088,'Estancia Solá',9,'2024-08-13 17:08:22','2024-08-13 17:08:22'),(1089,'Estancia Yuquerí',9,'2024-08-13 17:08:22','2024-08-13 17:08:22'),(1090,'Estaquitas',9,'2024-08-13 17:08:22','2024-08-13 17:08:22'),(1091,'Faustino M. Parera',9,'2024-08-13 17:08:22','2024-08-13 17:08:22'),(1092,'Febre',9,'2024-08-13 17:08:22','2024-08-13 17:08:22'),(1093,'Federación',9,'2024-08-13 17:08:22','2024-08-13 17:08:22'),(1094,'Federal',9,'2024-08-13 17:08:22','2024-08-13 17:08:22'),(1095,'Gdor. Echagüe',9,'2024-08-13 17:08:22','2024-08-13 17:08:22'),(1096,'Gdor. Mansilla',9,'2024-08-13 17:08:22','2024-08-13 17:08:22'),(1097,'Gilbert',9,'2024-08-13 17:08:22','2024-08-13 17:08:22'),(1098,'González Calderón',9,'2024-08-13 17:08:22','2024-08-13 17:08:22'),(1099,'Gral. Almada',9,'2024-08-13 17:08:22','2024-08-13 17:08:22'),(1100,'Gral. Alvear',9,'2024-08-13 17:08:22','2024-08-13 17:08:22'),(1101,'Gral. Campos',9,'2024-08-13 17:08:22','2024-08-13 17:08:22'),(1102,'Gral. Galarza',9,'2024-08-13 17:08:22','2024-08-13 17:08:22'),(1103,'Gral. Ramírez',9,'2024-08-13 17:08:22','2024-08-13 17:08:22'),(1104,'Gualeguay',9,'2024-08-13 17:08:22','2024-08-13 17:08:22'),(1105,'Gualeguaychú',9,'2024-08-13 17:08:22','2024-08-13 17:08:22'),(1106,'Gualeguaycito',9,'2024-08-13 17:08:22','2024-08-13 17:08:22'),(1107,'Guardamonte',9,'2024-08-13 17:08:22','2024-08-13 17:08:22'),(1108,'Hambis',9,'2024-08-13 17:08:22','2024-08-13 17:08:22'),(1109,'Hasenkamp',9,'2024-08-13 17:08:22','2024-08-13 17:08:22'),(1110,'Hernandarias',9,'2024-08-13 17:08:22','2024-08-13 17:08:22'),(1111,'Hernández',9,'2024-08-13 17:08:22','2024-08-13 17:08:22'),(1112,'Herrera',9,'2024-08-13 17:08:22','2024-08-13 17:08:22'),(1113,'Hinojal',9,'2024-08-13 17:08:22','2024-08-13 17:08:22'),(1114,'Hocker',9,'2024-08-13 17:08:22','2024-08-13 17:08:22'),(1115,'Ing. Sajaroff',9,'2024-08-13 17:08:22','2024-08-13 17:08:22'),(1116,'Irazusta',9,'2024-08-13 17:08:22','2024-08-13 17:08:22'),(1117,'Isletas',9,'2024-08-13 17:08:22','2024-08-13 17:08:22'),(1118,'J.J De Urquiza',9,'2024-08-13 17:08:22','2024-08-13 17:08:22'),(1119,'Jubileo',9,'2024-08-13 17:08:22','2024-08-13 17:08:22'),(1120,'La Clarita',9,'2024-08-13 17:08:22','2024-08-13 17:08:22'),(1121,'La Criolla',9,'2024-08-13 17:08:22','2024-08-13 17:08:22'),(1122,'La Esmeralda',9,'2024-08-13 17:08:22','2024-08-13 17:08:22'),(1123,'La Florida',9,'2024-08-13 17:08:22','2024-08-13 17:08:22'),(1124,'La Fraternidad',9,'2024-08-13 17:08:22','2024-08-13 17:08:22'),(1125,'La Hierra',9,'2024-08-13 17:08:22','2024-08-13 17:08:22'),(1126,'La Ollita',9,'2024-08-13 17:08:22','2024-08-13 17:08:22'),(1127,'La Paz',9,'2024-08-13 17:08:22','2024-08-13 17:08:22'),(1128,'La Picada',9,'2024-08-13 17:08:22','2024-08-13 17:08:22'),(1129,'La Providencia',9,'2024-08-13 17:08:22','2024-08-13 17:08:22'),(1130,'La Verbena',9,'2024-08-13 17:08:22','2024-08-13 17:08:22'),(1131,'Laguna Benítez',9,'2024-08-13 17:08:22','2024-08-13 17:08:22'),(1132,'Larroque',9,'2024-08-13 17:08:22','2024-08-13 17:08:22'),(1133,'Las Cuevas',9,'2024-08-13 17:08:22','2024-08-13 17:08:22'),(1134,'Las Garzas',9,'2024-08-13 17:08:22','2024-08-13 17:08:22'),(1135,'Las Guachas',9,'2024-08-13 17:08:22','2024-08-13 17:08:22'),(1136,'Las Mercedes',9,'2024-08-13 17:08:22','2024-08-13 17:08:22'),(1137,'Las Moscas',9,'2024-08-13 17:08:22','2024-08-13 17:08:22'),(1138,'Las Mulitas',9,'2024-08-13 17:08:22','2024-08-13 17:08:22'),(1139,'Las Toscas',9,'2024-08-13 17:08:22','2024-08-13 17:08:22'),(1140,'Laurencena',9,'2024-08-13 17:08:22','2024-08-13 17:08:22'),(1141,'Libertador San Martín',9,'2024-08-13 17:08:22','2024-08-13 17:08:22'),(1142,'Loma Limpia',9,'2024-08-13 17:08:22','2024-08-13 17:08:22'),(1143,'Los Ceibos',9,'2024-08-13 17:08:22','2024-08-13 17:08:22'),(1144,'Los Charruas',9,'2024-08-13 17:08:22','2024-08-13 17:08:22'),(1145,'Los Conquistadores',9,'2024-08-13 17:08:22','2024-08-13 17:08:22'),(1146,'Lucas González',9,'2024-08-13 17:08:22','2024-08-13 17:08:22'),(1147,'Lucas N.',9,'2024-08-13 17:08:22','2024-08-13 17:08:22'),(1148,'Lucas S. 1ª',9,'2024-08-13 17:08:22','2024-08-13 17:08:22'),(1149,'Lucas S. 2ª',9,'2024-08-13 17:08:22','2024-08-13 17:08:22'),(1150,'Maciá',9,'2024-08-13 17:08:22','2024-08-13 17:08:22'),(1151,'María Grande',9,'2024-08-13 17:08:22','2024-08-13 17:08:22'),(1152,'María Grande 2ª',9,'2024-08-13 17:08:22','2024-08-13 17:08:22'),(1153,'Médanos',9,'2024-08-13 17:08:22','2024-08-13 17:08:22'),(1154,'Mojones N.',9,'2024-08-13 17:08:22','2024-08-13 17:08:22'),(1155,'Mojones S.',9,'2024-08-13 17:08:22','2024-08-13 17:08:22'),(1156,'Molino Doll',9,'2024-08-13 17:08:22','2024-08-13 17:08:22'),(1157,'Monte Redondo',9,'2024-08-13 17:08:22','2024-08-13 17:08:22'),(1158,'Montoya',9,'2024-08-13 17:08:22','2024-08-13 17:08:22'),(1159,'Mulas Grandes',9,'2024-08-13 17:08:22','2024-08-13 17:08:22'),(1160,'Ñancay',9,'2024-08-13 17:08:22','2024-08-13 17:08:22'),(1161,'Nogoyá',9,'2024-08-13 17:08:22','2024-08-13 17:08:22'),(1162,'Nueva Escocia',9,'2024-08-13 17:08:22','2024-08-13 17:08:22'),(1163,'Nueva Vizcaya',9,'2024-08-13 17:08:22','2024-08-13 17:08:22'),(1164,'Ombú',9,'2024-08-13 17:08:22','2024-08-13 17:08:22'),(1165,'Oro Verde',9,'2024-08-13 17:08:22','2024-08-13 17:08:22'),(1166,'Paraná',9,'2024-08-13 17:08:22','2024-08-13 17:08:22'),(1167,'Pasaje Guayaquil',9,'2024-08-13 17:08:22','2024-08-13 17:08:22'),(1168,'Pasaje Las Tunas',9,'2024-08-13 17:08:22','2024-08-13 17:08:22'),(1169,'Paso de La Arena',9,'2024-08-13 17:08:22','2024-08-13 17:08:22'),(1170,'Paso de La Laguna',9,'2024-08-13 17:08:22','2024-08-13 17:08:22'),(1171,'Paso de Las Piedras',9,'2024-08-13 17:08:22','2024-08-13 17:08:22'),(1172,'Paso Duarte',9,'2024-08-13 17:08:22','2024-08-13 17:08:22'),(1173,'Pastor Britos',9,'2024-08-13 17:08:22','2024-08-13 17:08:22'),(1174,'Pedernal',9,'2024-08-13 17:08:22','2024-08-13 17:08:22'),(1175,'Perdices',9,'2024-08-13 17:08:22','2024-08-13 17:08:22'),(1176,'Picada Berón',9,'2024-08-13 17:08:22','2024-08-13 17:08:22'),(1177,'Piedras Blancas',9,'2024-08-13 17:08:22','2024-08-13 17:08:22'),(1178,'Primer Distrito Cuchilla',9,'2024-08-13 17:08:22','2024-08-13 17:08:22'),(1179,'Primero de Mayo',9,'2024-08-13 17:08:22','2024-08-13 17:08:22'),(1180,'Pronunciamiento',9,'2024-08-13 17:08:22','2024-08-13 17:08:22'),(1181,'Pto. Algarrobo',9,'2024-08-13 17:08:22','2024-08-13 17:08:22'),(1182,'Pto. Ibicuy',9,'2024-08-13 17:08:22','2024-08-13 17:08:22'),(1183,'Pueblo Brugo',9,'2024-08-13 17:08:22','2024-08-13 17:08:22'),(1184,'Pueblo Cazes',9,'2024-08-13 17:08:22','2024-08-13 17:08:22'),(1185,'Pueblo Gral. Belgrano',9,'2024-08-13 17:08:22','2024-08-13 17:08:22'),(1186,'Pueblo Liebig',9,'2024-08-13 17:08:22','2024-08-13 17:08:22'),(1187,'Puerto Yeruá',9,'2024-08-13 17:08:22','2024-08-13 17:08:22'),(1188,'Punta del Monte',9,'2024-08-13 17:08:22','2024-08-13 17:08:22'),(1189,'Quebracho',9,'2024-08-13 17:08:22','2024-08-13 17:08:22'),(1190,'Quinto Distrito',9,'2024-08-13 17:08:22','2024-08-13 17:08:22'),(1191,'Raices Oeste',9,'2024-08-13 17:08:22','2024-08-13 17:08:22'),(1192,'Rincón de Nogoyá',9,'2024-08-13 17:08:22','2024-08-13 17:08:22'),(1193,'Rincón del Cinto',9,'2024-08-13 17:08:22','2024-08-13 17:08:22'),(1194,'Rincón del Doll',9,'2024-08-13 17:08:22','2024-08-13 17:08:22'),(1195,'Rincón del Gato',9,'2024-08-13 17:08:22','2024-08-13 17:08:22'),(1196,'Rocamora',9,'2024-08-13 17:08:22','2024-08-13 17:08:22'),(1197,'Rosario del Tala',9,'2024-08-13 17:08:22','2024-08-13 17:08:22'),(1198,'San Benito',9,'2024-08-13 17:08:22','2024-08-13 17:08:22'),(1199,'San Cipriano',9,'2024-08-13 17:08:22','2024-08-13 17:08:22'),(1200,'San Ernesto',9,'2024-08-13 17:08:22','2024-08-13 17:08:22'),(1201,'San Gustavo',9,'2024-08-13 17:08:22','2024-08-13 17:08:22'),(1202,'San Jaime',9,'2024-08-13 17:08:22','2024-08-13 17:08:22'),(1203,'San José',9,'2024-08-13 17:08:22','2024-08-13 17:08:22'),(1204,'San José de Feliciano',9,'2024-08-13 17:08:22','2024-08-13 17:08:22'),(1205,'San Justo',9,'2024-08-13 17:08:22','2024-08-13 17:08:22'),(1206,'San Marcial',9,'2024-08-13 17:08:22','2024-08-13 17:08:22'),(1207,'San Pedro',9,'2024-08-13 17:08:22','2024-08-13 17:08:22'),(1208,'San Ramírez',9,'2024-08-13 17:08:22','2024-08-13 17:08:22'),(1209,'San Ramón',9,'2024-08-13 17:08:22','2024-08-13 17:08:22'),(1210,'San Roque',9,'2024-08-13 17:08:22','2024-08-13 17:08:22'),(1211,'San Salvador',9,'2024-08-13 17:08:22','2024-08-13 17:08:22'),(1212,'San Víctor',9,'2024-08-13 17:08:22','2024-08-13 17:08:22'),(1213,'Santa Ana',9,'2024-08-13 17:08:22','2024-08-13 17:08:22'),(1214,'Santa Anita',9,'2024-08-13 17:08:22','2024-08-13 17:08:22'),(1215,'Santa Elena',9,'2024-08-13 17:08:22','2024-08-13 17:08:22'),(1216,'Santa Lucía',9,'2024-08-13 17:08:22','2024-08-13 17:08:22'),(1217,'Santa Luisa',9,'2024-08-13 17:08:22','2024-08-13 17:08:22'),(1218,'Sauce de Luna',9,'2024-08-13 17:08:22','2024-08-13 17:08:22'),(1219,'Sauce Montrull',9,'2024-08-13 17:08:22','2024-08-13 17:08:22'),(1220,'Sauce Pinto',9,'2024-08-13 17:08:22','2024-08-13 17:08:22'),(1221,'Sauce Sur',9,'2024-08-13 17:08:22','2024-08-13 17:08:22'),(1222,'Seguí',9,'2024-08-13 17:08:22','2024-08-13 17:08:22'),(1223,'Sir Leonard',9,'2024-08-13 17:08:22','2024-08-13 17:08:22'),(1224,'Sosa',9,'2024-08-13 17:08:22','2024-08-13 17:08:22'),(1225,'Tabossi',9,'2024-08-13 17:08:22','2024-08-13 17:08:22'),(1226,'Tezanos Pinto',9,'2024-08-13 17:08:22','2024-08-13 17:08:22'),(1227,'Ubajay',9,'2024-08-13 17:08:22','2024-08-13 17:08:22'),(1228,'Urdinarrain',9,'2024-08-13 17:08:22','2024-08-13 17:08:22'),(1229,'Veinte de Septiembre',9,'2024-08-13 17:08:22','2024-08-13 17:08:22'),(1230,'Viale',9,'2024-08-13 17:08:22','2024-08-13 17:08:22'),(1231,'Victoria',9,'2024-08-13 17:08:22','2024-08-13 17:08:22'),(1232,'Villa Clara',9,'2024-08-13 17:08:22','2024-08-13 17:08:22'),(1233,'Villa del Rosario',9,'2024-08-13 17:08:22','2024-08-13 17:08:22'),(1234,'Villa Domínguez',9,'2024-08-13 17:08:22','2024-08-13 17:08:22'),(1235,'Villa Elisa',9,'2024-08-13 17:08:22','2024-08-13 17:08:22'),(1236,'Villa Fontana',9,'2024-08-13 17:08:22','2024-08-13 17:08:22'),(1237,'Villa Gdor. Etchevehere',9,'2024-08-13 17:08:22','2024-08-13 17:08:22'),(1238,'Villa Mantero',9,'2024-08-13 17:08:22','2024-08-13 17:08:22'),(1239,'Villa Paranacito',9,'2024-08-13 17:08:22','2024-08-13 17:08:22'),(1240,'Villa Urquiza',9,'2024-08-13 17:08:22','2024-08-13 17:08:22'),(1241,'Villaguay',9,'2024-08-13 17:08:22','2024-08-13 17:08:22'),(1242,'Walter Moss',9,'2024-08-13 17:08:22','2024-08-13 17:08:22'),(1243,'Yacaré',9,'2024-08-13 17:08:22','2024-08-13 17:08:22'),(1244,'Yeso Oeste',9,'2024-08-13 17:08:22','2024-08-13 17:08:22'),(1245,'Buena Vista',10,'2024-08-13 17:08:22','2024-08-13 17:08:22'),(1246,'Clorinda',10,'2024-08-13 17:08:22','2024-08-13 17:08:22'),(1247,'Col. Pastoril',10,'2024-08-13 17:08:22','2024-08-13 17:08:22'),(1248,'Cte. Fontana',10,'2024-08-13 17:08:22','2024-08-13 17:08:22'),(1249,'El Colorado',10,'2024-08-13 17:08:22','2024-08-13 17:08:22'),(1250,'El Espinillo',10,'2024-08-13 17:08:22','2024-08-13 17:08:22'),(1251,'Estanislao Del Campo',10,'2024-08-13 17:08:22','2024-08-13 17:08:22'),(1252,'10',10,'2024-08-13 17:08:22','2024-08-13 17:08:22'),(1253,'Fortín Lugones',10,'2024-08-13 17:08:22','2024-08-13 17:08:22'),(1254,'Gral. Lucio V. Mansilla',10,'2024-08-13 17:08:22','2024-08-13 17:08:22'),(1255,'Gral. Manuel Belgrano',10,'2024-08-13 17:08:22','2024-08-13 17:08:22'),(1256,'Gral. Mosconi',10,'2024-08-13 17:08:22','2024-08-13 17:08:22'),(1257,'Gran Guardia',10,'2024-08-13 17:08:22','2024-08-13 17:08:22'),(1258,'Herradura',10,'2024-08-13 17:08:22','2024-08-13 17:08:22'),(1259,'Ibarreta',10,'2024-08-13 17:08:22','2024-08-13 17:08:22'),(1260,'Ing. Juárez',10,'2024-08-13 17:08:22','2024-08-13 17:08:22'),(1261,'Laguna Blanca',10,'2024-08-13 17:08:22','2024-08-13 17:08:22'),(1262,'Laguna Naick Neck',10,'2024-08-13 17:08:22','2024-08-13 17:08:22'),(1263,'Laguna Yema',10,'2024-08-13 17:08:22','2024-08-13 17:08:22'),(1264,'Las Lomitas',10,'2024-08-13 17:08:22','2024-08-13 17:08:22'),(1265,'Los Chiriguanos',10,'2024-08-13 17:08:22','2024-08-13 17:08:22'),(1266,'Mayor V. Villafañe',10,'2024-08-13 17:08:22','2024-08-13 17:08:22'),(1267,'Misión San Fco.',10,'2024-08-13 17:08:22','2024-08-13 17:08:22'),(1268,'Palo Santo',10,'2024-08-13 17:08:22','2024-08-13 17:08:22'),(1269,'Pirané',10,'2024-08-13 17:08:22','2024-08-13 17:08:22'),(1270,'Pozo del Maza',10,'2024-08-13 17:08:22','2024-08-13 17:08:22'),(1271,'Riacho He-He',10,'2024-08-13 17:08:22','2024-08-13 17:08:22'),(1272,'San Hilario',10,'2024-08-13 17:08:22','2024-08-13 17:08:22'),(1273,'San Martín II',10,'2024-08-13 17:08:22','2024-08-13 17:08:22'),(1274,'Siete Palmas',10,'2024-08-13 17:08:22','2024-08-13 17:08:22'),(1275,'Subteniente Perín',10,'2024-08-13 17:08:22','2024-08-13 17:08:22'),(1276,'Tres Lagunas',10,'2024-08-13 17:08:22','2024-08-13 17:08:22'),(1277,'Villa Dos Trece',10,'2024-08-13 17:08:22','2024-08-13 17:08:22'),(1278,'Villa Escolar',10,'2024-08-13 17:08:22','2024-08-13 17:08:22'),(1279,'Villa Gral. Güemes',10,'2024-08-13 17:08:22','2024-08-13 17:08:22'),(1280,'Abdon Castro Tolay',11,'2024-08-13 17:08:22','2024-08-13 17:08:22'),(1281,'Abra Pampa',11,'2024-08-13 17:08:22','2024-08-13 17:08:22'),(1282,'Abralaite',11,'2024-08-13 17:08:22','2024-08-13 17:08:22'),(1283,'Aguas Calientes',11,'2024-08-13 17:08:22','2024-08-13 17:08:22'),(1284,'Arrayanal',11,'2024-08-13 17:08:22','2024-08-13 17:08:22'),(1285,'Barrios',11,'2024-08-13 17:08:22','2024-08-13 17:08:22'),(1286,'Caimancito',11,'2024-08-13 17:08:22','2024-08-13 17:08:22'),(1287,'Calilegua',11,'2024-08-13 17:08:22','2024-08-13 17:08:22'),(1288,'Cangrejillos',11,'2024-08-13 17:08:22','2024-08-13 17:08:22'),(1289,'Caspala',11,'2024-08-13 17:08:22','2024-08-13 17:08:22'),(1290,'Catuá',11,'2024-08-13 17:08:22','2024-08-13 17:08:22'),(1291,'Cieneguillas',11,'2024-08-13 17:08:22','2024-08-13 17:08:22'),(1292,'Coranzulli',11,'2024-08-13 17:08:22','2024-08-13 17:08:22'),(1293,'Cusi-Cusi',11,'2024-08-13 17:08:22','2024-08-13 17:08:22'),(1294,'El Aguilar',11,'2024-08-13 17:08:22','2024-08-13 17:08:22'),(1295,'El Carmen',11,'2024-08-13 17:08:22','2024-08-13 17:08:22'),(1296,'El Cóndor',11,'2024-08-13 17:08:22','2024-08-13 17:08:22'),(1297,'El Fuerte',11,'2024-08-13 17:08:22','2024-08-13 17:08:22'),(1298,'El Piquete',11,'2024-08-13 17:08:22','2024-08-13 17:08:22'),(1299,'El Talar',11,'2024-08-13 17:08:22','2024-08-13 17:08:22'),(1300,'Fraile Pintado',11,'2024-08-13 17:08:22','2024-08-13 17:08:22'),(1301,'Hipólito Yrigoyen',11,'2024-08-13 17:08:22','2024-08-13 17:08:22'),(1302,'Huacalera',11,'2024-08-13 17:08:22','2024-08-13 17:08:22'),(1303,'Humahuaca',11,'2024-08-13 17:08:22','2024-08-13 17:08:22'),(1304,'La Esperanza',11,'2024-08-13 17:08:22','2024-08-13 17:08:22'),(1305,'La Mendieta',11,'2024-08-13 17:08:22','2024-08-13 17:08:22'),(1306,'La Quiaca',11,'2024-08-13 17:08:22','2024-08-13 17:08:22'),(1307,'Ledesma',11,'2024-08-13 17:08:22','2024-08-13 17:08:22'),(1308,'Libertador Gral. San Martin',11,'2024-08-13 17:08:22','2024-08-13 17:08:22'),(1309,'Maimara',11,'2024-08-13 17:08:22','2024-08-13 17:08:22'),(1310,'Mina Pirquitas',11,'2024-08-13 17:08:22','2024-08-13 17:08:22'),(1311,'Monterrico',11,'2024-08-13 17:08:22','2024-08-13 17:08:22'),(1312,'Palma Sola',11,'2024-08-13 17:08:22','2024-08-13 17:08:22'),(1313,'Palpalá',11,'2024-08-13 17:08:22','2024-08-13 17:08:22'),(1314,'Pampa Blanca',11,'2024-08-13 17:08:22','2024-08-13 17:08:22'),(1315,'Pampichuela',11,'2024-08-13 17:08:22','2024-08-13 17:08:22'),(1316,'Perico',11,'2024-08-13 17:08:22','2024-08-13 17:08:22'),(1317,'Puesto del Marqués',11,'2024-08-13 17:08:22','2024-08-13 17:08:22'),(1318,'Puesto Viejo',11,'2024-08-13 17:08:22','2024-08-13 17:08:22'),(1319,'Pumahuasi',11,'2024-08-13 17:08:22','2024-08-13 17:08:22'),(1320,'Purmamarca',11,'2024-08-13 17:08:22','2024-08-13 17:08:22'),(1321,'Rinconada',11,'2024-08-13 17:08:22','2024-08-13 17:08:22'),(1322,'Rodeitos',11,'2024-08-13 17:08:22','2024-08-13 17:08:22'),(1323,'Rosario de Río Grande',11,'2024-08-13 17:08:22','2024-08-13 17:08:22'),(1324,'San Antonio',11,'2024-08-13 17:08:22','2024-08-13 17:08:22'),(1325,'San Francisco',11,'2024-08-13 17:08:22','2024-08-13 17:08:22'),(1326,'San Pedro',11,'2024-08-13 17:08:22','2024-08-13 17:08:22'),(1327,'San Rafael',11,'2024-08-13 17:08:22','2024-08-13 17:08:22'),(1328,'San Salvador',11,'2024-08-13 17:08:22','2024-08-13 17:08:22'),(1329,'Santa Ana',11,'2024-08-13 17:08:22','2024-08-13 17:08:22'),(1330,'Santa Catalina',11,'2024-08-13 17:08:22','2024-08-13 17:08:22'),(1331,'Santa Clara',11,'2024-08-13 17:08:22','2024-08-13 17:08:22'),(1332,'Susques',11,'2024-08-13 17:08:22','2024-08-13 17:08:22'),(1333,'Tilcara',11,'2024-08-13 17:08:22','2024-08-13 17:08:22'),(1334,'Tres Cruces',11,'2024-08-13 17:08:22','2024-08-13 17:08:22'),(1335,'Tumbaya',11,'2024-08-13 17:08:22','2024-08-13 17:08:22'),(1336,'Valle Grande',11,'2024-08-13 17:08:22','2024-08-13 17:08:22'),(1337,'Vinalito',11,'2024-08-13 17:08:22','2024-08-13 17:08:22'),(1338,'Volcán',11,'2024-08-13 17:08:22','2024-08-13 17:08:22'),(1339,'Yala',11,'2024-08-13 17:08:22','2024-08-13 17:08:22'),(1340,'Yaví',11,'2024-08-13 17:08:22','2024-08-13 17:08:22'),(1341,'Yuto',11,'2024-08-13 17:08:22','2024-08-13 17:08:22'),(1342,'Abramo',12,'2024-08-13 17:08:22','2024-08-13 17:08:22'),(1343,'Adolfo Van Praet',12,'2024-08-13 17:08:22','2024-08-13 17:08:22'),(1344,'Agustoni',12,'2024-08-13 17:08:22','2024-08-13 17:08:22'),(1345,'Algarrobo del Aguila',12,'2024-08-13 17:08:22','2024-08-13 17:08:22'),(1346,'Alpachiri',12,'2024-08-13 17:08:22','2024-08-13 17:08:22'),(1347,'Alta Italia',12,'2024-08-13 17:08:22','2024-08-13 17:08:22'),(1348,'Anguil',12,'2024-08-13 17:08:22','2024-08-13 17:08:22'),(1349,'Arata',12,'2024-08-13 17:08:22','2024-08-13 17:08:22'),(1350,'Ataliva Roca',12,'2024-08-13 17:08:22','2024-08-13 17:08:22'),(1351,'Bernardo Larroude',12,'2024-08-13 17:08:22','2024-08-13 17:08:22'),(1352,'Bernasconi',12,'2024-08-13 17:08:22','2024-08-13 17:08:22'),(1353,'Caleufú',12,'2024-08-13 17:08:22','2024-08-13 17:08:22'),(1354,'Carro Quemado',12,'2024-08-13 17:08:22','2024-08-13 17:08:22'),(1355,'Catriló',12,'2024-08-13 17:08:22','2024-08-13 17:08:22'),(1356,'Ceballos',12,'2024-08-13 17:08:22','2024-08-13 17:08:22'),(1357,'Chacharramendi',12,'2024-08-13 17:08:22','2024-08-13 17:08:22'),(1358,'Col. Barón',12,'2024-08-13 17:08:22','2024-08-13 17:08:22'),(1359,'Col. Santa María',12,'2024-08-13 17:08:22','2024-08-13 17:08:22'),(1360,'Conhelo',12,'2024-08-13 17:08:22','2024-08-13 17:08:22'),(1361,'Coronel Hilario Lagos',12,'2024-08-13 17:08:22','2024-08-13 17:08:22'),(1362,'Cuchillo-Có',12,'2024-08-13 17:08:22','2024-08-13 17:08:22'),(1363,'Doblas',12,'2024-08-13 17:08:22','2024-08-13 17:08:22'),(1364,'Dorila',12,'2024-08-13 17:08:22','2024-08-13 17:08:22'),(1365,'Eduardo Castex',12,'2024-08-13 17:08:22','2024-08-13 17:08:22'),(1366,'Embajador Martini',12,'2024-08-13 17:08:22','2024-08-13 17:08:22'),(1367,'Falucho',12,'2024-08-13 17:08:22','2024-08-13 17:08:22'),(1368,'Gral. Acha',12,'2024-08-13 17:08:22','2024-08-13 17:08:22'),(1369,'Gral. Manuel Campos',12,'2024-08-13 17:08:22','2024-08-13 17:08:22'),(1370,'Gral. Pico',12,'2024-08-13 17:08:22','2024-08-13 17:08:22'),(1371,'Guatraché',12,'2024-08-13 17:08:22','2024-08-13 17:08:22'),(1372,'Ing. Luiggi',12,'2024-08-13 17:08:22','2024-08-13 17:08:22'),(1373,'Intendente Alvear',12,'2024-08-13 17:08:22','2024-08-13 17:08:22'),(1374,'Jacinto Arauz',12,'2024-08-13 17:08:22','2024-08-13 17:08:22'),(1375,'La Adela',12,'2024-08-13 17:08:22','2024-08-13 17:08:22'),(1376,'La Humada',12,'2024-08-13 17:08:22','2024-08-13 17:08:22'),(1377,'La Maruja',12,'2024-08-13 17:08:22','2024-08-13 17:08:22'),(1378,'12',12,'2024-08-13 17:08:22','2024-08-13 17:08:22'),(1379,'La Reforma',12,'2024-08-13 17:08:22','2024-08-13 17:08:22'),(1380,'Limay Mahuida',12,'2024-08-13 17:08:22','2024-08-13 17:08:22'),(1381,'Lonquimay',12,'2024-08-13 17:08:22','2024-08-13 17:08:22'),(1382,'Loventuel',12,'2024-08-13 17:08:22','2024-08-13 17:08:22'),(1383,'Luan Toro',12,'2024-08-13 17:08:22','2024-08-13 17:08:22'),(1384,'Macachín',12,'2024-08-13 17:08:22','2024-08-13 17:08:22'),(1385,'Maisonnave',12,'2024-08-13 17:08:22','2024-08-13 17:08:22'),(1386,'Mauricio Mayer',12,'2024-08-13 17:08:22','2024-08-13 17:08:22'),(1387,'Metileo',12,'2024-08-13 17:08:22','2024-08-13 17:08:22'),(1388,'Miguel Cané',12,'2024-08-13 17:08:22','2024-08-13 17:08:22'),(1389,'Miguel Riglos',12,'2024-08-13 17:08:22','2024-08-13 17:08:22'),(1390,'Monte Nievas',12,'2024-08-13 17:08:22','2024-08-13 17:08:22'),(1391,'Parera',12,'2024-08-13 17:08:22','2024-08-13 17:08:22'),(1392,'Perú',12,'2024-08-13 17:08:22','2024-08-13 17:08:22'),(1393,'Pichi-Huinca',12,'2024-08-13 17:08:22','2024-08-13 17:08:22'),(1394,'Puelches',12,'2024-08-13 17:08:22','2024-08-13 17:08:22'),(1395,'Puelén',12,'2024-08-13 17:08:22','2024-08-13 17:08:22'),(1396,'Quehue',12,'2024-08-13 17:08:22','2024-08-13 17:08:22'),(1397,'Quemú Quemú',12,'2024-08-13 17:08:22','2024-08-13 17:08:22'),(1398,'Quetrequén',12,'2024-08-13 17:08:22','2024-08-13 17:08:22'),(1399,'Rancul',12,'2024-08-13 17:08:22','2024-08-13 17:08:22'),(1400,'Realicó',12,'2024-08-13 17:08:22','2024-08-13 17:08:22'),(1401,'Relmo',12,'2024-08-13 17:08:22','2024-08-13 17:08:22'),(1402,'Rolón',12,'2024-08-13 17:08:22','2024-08-13 17:08:22'),(1403,'Rucanelo',12,'2024-08-13 17:08:22','2024-08-13 17:08:22'),(1404,'Sarah',12,'2024-08-13 17:08:22','2024-08-13 17:08:22'),(1405,'Speluzzi',12,'2024-08-13 17:08:22','2024-08-13 17:08:22'),(1406,'Sta. Isabel',12,'2024-08-13 17:08:22','2024-08-13 17:08:22'),(1407,'Sta. Rosa',12,'2024-08-13 17:08:22','2024-08-13 17:08:22'),(1408,'Sta. Teresa',12,'2024-08-13 17:08:22','2024-08-13 17:08:22'),(1409,'Telén',12,'2024-08-13 17:08:22','2024-08-13 17:08:22'),(1410,'Toay',12,'2024-08-13 17:08:22','2024-08-13 17:08:22'),(1411,'Tomas M. de Anchorena',12,'2024-08-13 17:08:22','2024-08-13 17:08:22'),(1412,'Trenel',12,'2024-08-13 17:08:22','2024-08-13 17:08:22'),(1413,'Unanue',12,'2024-08-13 17:08:22','2024-08-13 17:08:22'),(1414,'Uriburu',12,'2024-08-13 17:08:22','2024-08-13 17:08:22'),(1415,'Veinticinco de Mayo',12,'2024-08-13 17:08:22','2024-08-13 17:08:22'),(1416,'Vertiz',12,'2024-08-13 17:08:22','2024-08-13 17:08:22'),(1417,'Victorica',12,'2024-08-13 17:08:22','2024-08-13 17:08:22'),(1418,'Villa Mirasol',12,'2024-08-13 17:08:22','2024-08-13 17:08:22'),(1419,'Winifreda',12,'2024-08-13 17:08:22','2024-08-13 17:08:22'),(1420,'Arauco',13,'2024-08-13 17:08:22','2024-08-13 17:08:22'),(1421,'Capital',13,'2024-08-13 17:08:22','2024-08-13 17:08:22'),(1422,'Castro Barros',13,'2024-08-13 17:08:22','2024-08-13 17:08:22'),(1423,'Chamical',13,'2024-08-13 17:08:22','2024-08-13 17:08:22'),(1424,'Chilecito',13,'2024-08-13 17:08:22','2024-08-13 17:08:22'),(1425,'Coronel F. Varela',13,'2024-08-13 17:08:22','2024-08-13 17:08:22'),(1426,'Famatina',13,'2024-08-13 17:08:22','2024-08-13 17:08:22'),(1427,'Gral. A.V.Peñaloza',13,'2024-08-13 17:08:22','2024-08-13 17:08:22'),(1428,'Gral. Belgrano',13,'2024-08-13 17:08:22','2024-08-13 17:08:22'),(1429,'Gral. J.F. Quiroga',13,'2024-08-13 17:08:22','2024-08-13 17:08:22'),(1430,'Gral. Lamadrid',13,'2024-08-13 17:08:22','2024-08-13 17:08:22'),(1431,'Gral. Ocampo',13,'2024-08-13 17:08:22','2024-08-13 17:08:22'),(1432,'Gral. San Martín',13,'2024-08-13 17:08:22','2024-08-13 17:08:22'),(1433,'Independencia',13,'2024-08-13 17:08:22','2024-08-13 17:08:22'),(1434,'Rosario Penaloza',13,'2024-08-13 17:08:22','2024-08-13 17:08:22'),(1435,'San Blas de Los Sauces',13,'2024-08-13 17:08:22','2024-08-13 17:08:22'),(1436,'Sanagasta',13,'2024-08-13 17:08:22','2024-08-13 17:08:22'),(1437,'Vinchina',13,'2024-08-13 17:08:22','2024-08-13 17:08:22'),(1438,'Capital',14,'2024-08-13 17:08:22','2024-08-13 17:08:22'),(1439,'Chacras de Coria',14,'2024-08-13 17:08:22','2024-08-13 17:08:22'),(1440,'Dorrego',14,'2024-08-13 17:08:22','2024-08-13 17:08:22'),(1441,'Gllen',14,'2024-08-13 17:08:22','2024-08-13 17:08:22'),(1442,'Godoy Cruz',14,'2024-08-13 17:08:22','2024-08-13 17:08:22'),(1443,'Gral. Alvear',14,'2024-08-13 17:08:22','2024-08-13 17:08:22'),(1444,'Guaymallén',14,'2024-08-13 17:08:22','2024-08-13 17:08:22'),(1445,'Junín',14,'2024-08-13 17:08:22','2024-08-13 17:08:22'),(1446,'La Paz',14,'2024-08-13 17:08:22','2024-08-13 17:08:22'),(1447,'Las Heras',14,'2024-08-13 17:08:22','2024-08-13 17:08:22'),(1448,'Lavalle',14,'2024-08-13 17:08:22','2024-08-13 17:08:22'),(1449,'Luján',14,'2024-08-13 17:08:22','2024-08-13 17:08:22'),(1450,'Luján De Cuyo',14,'2024-08-13 17:08:22','2024-08-13 17:08:22'),(1451,'Maipú',14,'2024-08-13 17:08:22','2024-08-13 17:08:22'),(1452,'Malargüe',14,'2024-08-13 17:08:22','2024-08-13 17:08:22'),(1453,'Rivadavia',14,'2024-08-13 17:08:22','2024-08-13 17:08:22'),(1454,'San Carlos',14,'2024-08-13 17:08:22','2024-08-13 17:08:22'),(1455,'San Martín',14,'2024-08-13 17:08:22','2024-08-13 17:08:22'),(1456,'San Rafael',14,'2024-08-13 17:08:22','2024-08-13 17:08:22'),(1457,'Sta. Rosa',14,'2024-08-13 17:08:22','2024-08-13 17:08:22'),(1458,'Tunuyán',14,'2024-08-13 17:08:22','2024-08-13 17:08:22'),(1459,'Tupungato',14,'2024-08-13 17:08:22','2024-08-13 17:08:22'),(1460,'Villa Nueva',14,'2024-08-13 17:08:22','2024-08-13 17:08:22'),(1461,'Alba Posse',15,'2024-08-13 17:08:22','2024-08-13 17:08:22'),(1462,'Almafuerte',15,'2024-08-13 17:08:22','2024-08-13 17:08:22'),(1463,'Apóstoles',15,'2024-08-13 17:08:22','2024-08-13 17:08:22'),(1464,'Aristóbulo Del Valle',15,'2024-08-13 17:08:22','2024-08-13 17:08:22'),(1465,'Arroyo Del Medio',15,'2024-08-13 17:08:22','2024-08-13 17:08:22'),(1466,'Azara',15,'2024-08-13 17:08:22','2024-08-13 17:08:22'),(1467,'Bdo. De Irigoyen',15,'2024-08-13 17:08:22','2024-08-13 17:08:22'),(1468,'Bonpland',15,'2024-08-13 17:08:22','2024-08-13 17:08:22'),(1469,'Caá Yari',15,'2024-08-13 17:08:22','2024-08-13 17:08:22'),(1470,'Campo Grande',15,'2024-08-13 17:08:22','2024-08-13 17:08:22'),(1471,'Campo Ramón',15,'2024-08-13 17:08:22','2024-08-13 17:08:22'),(1472,'Campo Viera',15,'2024-08-13 17:08:22','2024-08-13 17:08:22'),(1473,'Candelaria',15,'2024-08-13 17:08:22','2024-08-13 17:08:22'),(1474,'Capioví',15,'2024-08-13 17:08:22','2024-08-13 17:08:22'),(1475,'Caraguatay',15,'2024-08-13 17:08:22','2024-08-13 17:08:22'),(1476,'Cdte. Guacurarí',15,'2024-08-13 17:08:22','2024-08-13 17:08:22'),(1477,'Cerro Azul',15,'2024-08-13 17:08:22','2024-08-13 17:08:22'),(1478,'Cerro Corá',15,'2024-08-13 17:08:22','2024-08-13 17:08:22'),(1479,'Col. Alberdi',15,'2024-08-13 17:08:22','2024-08-13 17:08:22'),(1480,'Col. Aurora',15,'2024-08-13 17:08:22','2024-08-13 17:08:22'),(1481,'Col. Delicia',15,'2024-08-13 17:08:22','2024-08-13 17:08:22'),(1482,'Col. Polana',15,'2024-08-13 17:08:22','2024-08-13 17:08:22'),(1483,'Col. Victoria',15,'2024-08-13 17:08:22','2024-08-13 17:08:22'),(1484,'Col. Wanda',15,'2024-08-13 17:08:22','2024-08-13 17:08:22'),(1485,'Concepción De La Sierra',15,'2024-08-13 17:08:22','2024-08-13 17:08:22'),(1486,'Corpus',15,'2024-08-13 17:08:22','2024-08-13 17:08:22'),(1487,'Dos Arroyos',15,'2024-08-13 17:08:22','2024-08-13 17:08:22'),(1488,'Dos de Mayo',15,'2024-08-13 17:08:22','2024-08-13 17:08:22'),(1489,'El Alcázar',15,'2024-08-13 17:08:22','2024-08-13 17:08:22'),(1490,'El Dorado',15,'2024-08-13 17:08:22','2024-08-13 17:08:22'),(1491,'El Soberbio',15,'2024-08-13 17:08:22','2024-08-13 17:08:22'),(1492,'Esperanza',15,'2024-08-13 17:08:22','2024-08-13 17:08:22'),(1493,'F. Ameghino',15,'2024-08-13 17:08:22','2024-08-13 17:08:22'),(1494,'Fachinal',15,'2024-08-13 17:08:22','2024-08-13 17:08:22'),(1495,'Garuhapé',15,'2024-08-13 17:08:22','2024-08-13 17:08:22'),(1496,'Garupá',15,'2024-08-13 17:08:22','2024-08-13 17:08:22'),(1497,'Gdor. López',15,'2024-08-13 17:08:22','2024-08-13 17:08:22'),(1498,'Gdor. Roca',15,'2024-08-13 17:08:22','2024-08-13 17:08:22'),(1499,'Gral. Alvear',15,'2024-08-13 17:08:22','2024-08-13 17:08:22'),(1500,'Gral. Urquiza',15,'2024-08-13 17:08:22','2024-08-13 17:08:22'),(1501,'Guaraní',15,'2024-08-13 17:08:22','2024-08-13 17:08:22'),(1502,'H. Yrigoyen',15,'2024-08-13 17:08:22','2024-08-13 17:08:22'),(1503,'Iguazú',15,'2024-08-13 17:08:22','2024-08-13 17:08:22'),(1504,'Itacaruaré',15,'2024-08-13 17:08:22','2024-08-13 17:08:22'),(1505,'Jardín América',15,'2024-08-13 17:08:22','2024-08-13 17:08:22'),(1506,'Leandro N. Alem',15,'2024-08-13 17:08:22','2024-08-13 17:08:22'),(1507,'Libertad',15,'2024-08-13 17:08:22','2024-08-13 17:08:22'),(1508,'Loreto',15,'2024-08-13 17:08:22','2024-08-13 17:08:22'),(1509,'Los Helechos',15,'2024-08-13 17:08:22','2024-08-13 17:08:22'),(1510,'Mártires',15,'2024-08-13 17:08:22','2024-08-13 17:08:22'),(1511,'15',15,'2024-08-13 17:08:22','2024-08-13 17:08:22'),(1512,'Mojón Grande',15,'2024-08-13 17:08:22','2024-08-13 17:08:22'),(1513,'Montecarlo',15,'2024-08-13 17:08:22','2024-08-13 17:08:22'),(1514,'Nueve de Julio',15,'2024-08-13 17:08:22','2024-08-13 17:08:22'),(1515,'Oberá',15,'2024-08-13 17:08:22','2024-08-13 17:08:22'),(1516,'Olegario V. Andrade',15,'2024-08-13 17:08:22','2024-08-13 17:08:22'),(1517,'Panambí',15,'2024-08-13 17:08:22','2024-08-13 17:08:22'),(1518,'Posadas',15,'2024-08-13 17:08:22','2024-08-13 17:08:22'),(1519,'Profundidad',15,'2024-08-13 17:08:22','2024-08-13 17:08:22'),(1520,'Pto. Iguazú',15,'2024-08-13 17:08:22','2024-08-13 17:08:22'),(1521,'Pto. Leoni',15,'2024-08-13 17:08:22','2024-08-13 17:08:22'),(1522,'Pto. Piray',15,'2024-08-13 17:08:22','2024-08-13 17:08:22'),(1523,'Pto. Rico',15,'2024-08-13 17:08:22','2024-08-13 17:08:22'),(1524,'Ruiz de Montoya',15,'2024-08-13 17:08:22','2024-08-13 17:08:22'),(1525,'San Antonio',15,'2024-08-13 17:08:22','2024-08-13 17:08:22'),(1526,'San Ignacio',15,'2024-08-13 17:08:22','2024-08-13 17:08:22'),(1527,'San Javier',15,'2024-08-13 17:08:22','2024-08-13 17:08:22'),(1528,'San José',15,'2024-08-13 17:08:22','2024-08-13 17:08:22'),(1529,'San Martín',15,'2024-08-13 17:08:22','2024-08-13 17:08:22'),(1530,'San Pedro',15,'2024-08-13 17:08:22','2024-08-13 17:08:22'),(1531,'San Vicente',15,'2024-08-13 17:08:22','2024-08-13 17:08:22'),(1532,'Santiago De Liniers',15,'2024-08-13 17:08:22','2024-08-13 17:08:22'),(1533,'Santo Pipo',15,'2024-08-13 17:08:22','2024-08-13 17:08:22'),(1534,'Sta. Ana',15,'2024-08-13 17:08:22','2024-08-13 17:08:22'),(1535,'Sta. María',15,'2024-08-13 17:08:22','2024-08-13 17:08:22'),(1536,'Tres Capones',15,'2024-08-13 17:08:22','2024-08-13 17:08:22'),(1537,'Veinticinco de Mayo',15,'2024-08-13 17:08:22','2024-08-13 17:08:22'),(1538,'Wanda',15,'2024-08-13 17:08:22','2024-08-13 17:08:22'),(1539,'Aguada San Roque',16,'2024-08-13 17:08:22','2024-08-13 17:08:22'),(1540,'Aluminé',16,'2024-08-13 17:08:22','2024-08-13 17:08:22'),(1541,'Andacollo',16,'2024-08-13 17:08:22','2024-08-13 17:08:22'),(1542,'Añelo',16,'2024-08-13 17:08:22','2024-08-13 17:08:22'),(1543,'Bajada del Agrio',16,'2024-08-13 17:08:22','2024-08-13 17:08:22'),(1544,'Barrancas',16,'2024-08-13 17:08:22','2024-08-13 17:08:22'),(1545,'Buta Ranquil',16,'2024-08-13 17:08:22','2024-08-13 17:08:22'),(1546,'Capital',16,'2024-08-13 17:08:22','2024-08-13 17:08:22'),(1547,'Caviahué',16,'2024-08-13 17:08:22','2024-08-13 17:08:22'),(1548,'Centenario',16,'2024-08-13 17:08:22','2024-08-13 17:08:22'),(1549,'Chorriaca',16,'2024-08-13 17:08:22','2024-08-13 17:08:22'),(1550,'Chos Malal',16,'2024-08-13 17:08:22','2024-08-13 17:08:22'),(1551,'Cipolletti',16,'2024-08-13 17:08:22','2024-08-13 17:08:22'),(1552,'Covunco Abajo',16,'2024-08-13 17:08:22','2024-08-13 17:08:22'),(1553,'Coyuco Cochico',16,'2024-08-13 17:08:22','2024-08-13 17:08:22'),(1554,'Cutral Có',16,'2024-08-13 17:08:22','2024-08-13 17:08:22'),(1555,'El Cholar',16,'2024-08-13 17:08:22','2024-08-13 17:08:22'),(1556,'El Huecú',16,'2024-08-13 17:08:22','2024-08-13 17:08:22'),(1557,'El Sauce',16,'2024-08-13 17:08:22','2024-08-13 17:08:22'),(1558,'Guañacos',16,'2024-08-13 17:08:22','2024-08-13 17:08:22'),(1559,'Huinganco',16,'2024-08-13 17:08:22','2024-08-13 17:08:22'),(1560,'Las Coloradas',16,'2024-08-13 17:08:22','2024-08-13 17:08:22'),(1561,'Las Lajas',16,'2024-08-13 17:08:22','2024-08-13 17:08:22'),(1562,'Las Ovejas',16,'2024-08-13 17:08:22','2024-08-13 17:08:22'),(1563,'Loncopué',16,'2024-08-13 17:08:22','2024-08-13 17:08:22'),(1564,'Los Catutos',16,'2024-08-13 17:08:22','2024-08-13 17:08:22'),(1565,'Los Chihuidos',16,'2024-08-13 17:08:22','2024-08-13 17:08:22'),(1566,'Los Miches',16,'2024-08-13 17:08:22','2024-08-13 17:08:22'),(1567,'Manzano Amargo',16,'2024-08-13 17:08:22','2024-08-13 17:08:22'),(1568,'16',16,'2024-08-13 17:08:22','2024-08-13 17:08:22'),(1569,'Octavio Pico',16,'2024-08-13 17:08:22','2024-08-13 17:08:22'),(1570,'Paso Aguerre',16,'2024-08-13 17:08:22','2024-08-13 17:08:22'),(1571,'Picún Leufú',16,'2024-08-13 17:08:22','2024-08-13 17:08:22'),(1572,'Piedra del Aguila',16,'2024-08-13 17:08:22','2024-08-13 17:08:22'),(1573,'Pilo Lil',16,'2024-08-13 17:08:22','2024-08-13 17:08:22'),(1574,'Plaza Huincul',16,'2024-08-13 17:08:22','2024-08-13 17:08:22'),(1575,'Plottier',16,'2024-08-13 17:08:22','2024-08-13 17:08:22'),(1576,'Quili Malal',16,'2024-08-13 17:08:22','2024-08-13 17:08:22'),(1577,'Ramón Castro',16,'2024-08-13 17:08:22','2024-08-13 17:08:22'),(1578,'Rincón de Los Sauces',16,'2024-08-13 17:08:22','2024-08-13 17:08:22'),(1579,'San Martín de Los Andes',16,'2024-08-13 17:08:22','2024-08-13 17:08:22'),(1580,'San Patricio del Chañar',16,'2024-08-13 17:08:22','2024-08-13 17:08:22'),(1581,'Santo Tomás',16,'2024-08-13 17:08:22','2024-08-13 17:08:22'),(1582,'Sauzal Bonito',16,'2024-08-13 17:08:22','2024-08-13 17:08:22'),(1583,'Senillosa',16,'2024-08-13 17:08:22','2024-08-13 17:08:22'),(1584,'Taquimilán',16,'2024-08-13 17:08:22','2024-08-13 17:08:22'),(1585,'Tricao Malal',16,'2024-08-13 17:08:22','2024-08-13 17:08:22'),(1586,'Varvarco',16,'2024-08-13 17:08:22','2024-08-13 17:08:22'),(1587,'Villa Curí Leuvu',16,'2024-08-13 17:08:22','2024-08-13 17:08:22'),(1588,'Villa del Nahueve',16,'2024-08-13 17:08:22','2024-08-13 17:08:22'),(1589,'Villa del Puente Picún Leuvú',16,'2024-08-13 17:08:22','2024-08-13 17:08:22'),(1590,'Villa El Chocón',16,'2024-08-13 17:08:22','2024-08-13 17:08:22'),(1591,'Villa La Angostura',16,'2024-08-13 17:08:22','2024-08-13 17:08:22'),(1592,'Villa Pehuenia',16,'2024-08-13 17:08:22','2024-08-13 17:08:22'),(1593,'Villa Traful',16,'2024-08-13 17:08:22','2024-08-13 17:08:22'),(1594,'Vista Alegre',16,'2024-08-13 17:08:22','2024-08-13 17:08:22'),(1595,'Zapala',16,'2024-08-13 17:08:22','2024-08-13 17:08:22'),(1596,'Aguada Cecilio',17,'2024-08-13 17:08:22','2024-08-13 17:08:22'),(1597,'Aguada de Guerra',17,'2024-08-13 17:08:22','2024-08-13 17:08:22'),(1598,'Allén',17,'2024-08-13 17:08:22','2024-08-13 17:08:22'),(1599,'Arroyo de La Ventana',17,'2024-08-13 17:08:22','2024-08-13 17:08:22'),(1600,'Arroyo Los Berros',17,'2024-08-13 17:08:22','2024-08-13 17:08:22'),(1601,'Bariloche',17,'2024-08-13 17:08:22','2024-08-13 17:08:22'),(1602,'Calte. Cordero',17,'2024-08-13 17:08:22','2024-08-13 17:08:22'),(1603,'Campo Grande',17,'2024-08-13 17:08:22','2024-08-13 17:08:22'),(1604,'Catriel',17,'2024-08-13 17:08:22','2024-08-13 17:08:22'),(1605,'Cerro Policía',17,'2024-08-13 17:08:22','2024-08-13 17:08:22'),(1606,'Cervantes',17,'2024-08-13 17:08:22','2024-08-13 17:08:22'),(1607,'Chelforo',17,'2024-08-13 17:08:22','2024-08-13 17:08:22'),(1608,'Chimpay',17,'2024-08-13 17:08:22','2024-08-13 17:08:22'),(1609,'Chinchinales',17,'2024-08-13 17:08:22','2024-08-13 17:08:22'),(1610,'Chipauquil',17,'2024-08-13 17:08:22','2024-08-13 17:08:22'),(1611,'Choele Choel',17,'2024-08-13 17:08:22','2024-08-13 17:08:22'),(1612,'Cinco Saltos',17,'2024-08-13 17:08:22','2024-08-13 17:08:22'),(1613,'Cipolletti',17,'2024-08-13 17:08:22','2024-08-13 17:08:22'),(1614,'Clemente Onelli',17,'2024-08-13 17:08:22','2024-08-13 17:08:22'),(1615,'Colán Conhue',17,'2024-08-13 17:08:22','2024-08-13 17:08:22'),(1616,'Comallo',17,'2024-08-13 17:08:22','2024-08-13 17:08:22'),(1617,'Comicó',17,'2024-08-13 17:08:22','2024-08-13 17:08:22'),(1618,'Cona Niyeu',17,'2024-08-13 17:08:22','2024-08-13 17:08:22'),(1619,'Coronel Belisle',17,'2024-08-13 17:08:22','2024-08-13 17:08:22'),(1620,'Cubanea',17,'2024-08-13 17:08:22','2024-08-13 17:08:22'),(1621,'Darwin',17,'2024-08-13 17:08:22','2024-08-13 17:08:22'),(1622,'Dina Huapi',17,'2024-08-13 17:08:22','2024-08-13 17:08:22'),(1623,'El Bolsón',17,'2024-08-13 17:08:22','2024-08-13 17:08:22'),(1624,'El Caín',17,'2024-08-13 17:08:22','2024-08-13 17:08:22'),(1625,'El Manso',17,'2024-08-13 17:08:22','2024-08-13 17:08:22'),(1626,'Gral. Conesa',17,'2024-08-13 17:08:22','2024-08-13 17:08:22'),(1627,'Gral. Enrique Godoy',17,'2024-08-13 17:08:22','2024-08-13 17:08:22'),(1628,'Gral. Fernandez Oro',17,'2024-08-13 17:08:22','2024-08-13 17:08:22'),(1629,'Gral. Roca',17,'2024-08-13 17:08:22','2024-08-13 17:08:22'),(1630,'Guardia Mitre',17,'2024-08-13 17:08:22','2024-08-13 17:08:22'),(1631,'Ing. Huergo',17,'2024-08-13 17:08:22','2024-08-13 17:08:22'),(1632,'Ing. Jacobacci',17,'2024-08-13 17:08:22','2024-08-13 17:08:22'),(1633,'Laguna Blanca',17,'2024-08-13 17:08:22','2024-08-13 17:08:22'),(1634,'Lamarque',17,'2024-08-13 17:08:22','2024-08-13 17:08:22'),(1635,'Las Grutas',17,'2024-08-13 17:08:22','2024-08-13 17:08:22'),(1636,'Los Menucos',17,'2024-08-13 17:08:22','2024-08-13 17:08:22'),(1637,'Luis Beltrán',17,'2024-08-13 17:08:22','2024-08-13 17:08:22'),(1638,'Mainqué',17,'2024-08-13 17:08:22','2024-08-13 17:08:22'),(1639,'Mamuel Choique',17,'2024-08-13 17:08:22','2024-08-13 17:08:22'),(1640,'Maquinchao',17,'2024-08-13 17:08:22','2024-08-13 17:08:22'),(1641,'Mencué',17,'2024-08-13 17:08:22','2024-08-13 17:08:22'),(1642,'Mtro. Ramos Mexia',17,'2024-08-13 17:08:22','2024-08-13 17:08:22'),(1643,'Nahuel Niyeu',17,'2024-08-13 17:08:22','2024-08-13 17:08:22'),(1644,'Naupa Huen',17,'2024-08-13 17:08:22','2024-08-13 17:08:22'),(1645,'Ñorquinco',17,'2024-08-13 17:08:22','2024-08-13 17:08:22'),(1646,'Ojos de Agua',17,'2024-08-13 17:08:22','2024-08-13 17:08:22'),(1647,'Paso de Agua',17,'2024-08-13 17:08:22','2024-08-13 17:08:22'),(1648,'Paso Flores',17,'2024-08-13 17:08:22','2024-08-13 17:08:22'),(1649,'Peñas Blancas',17,'2024-08-13 17:08:22','2024-08-13 17:08:22'),(1650,'Pichi Mahuida',17,'2024-08-13 17:08:22','2024-08-13 17:08:22'),(1651,'Pilcaniyeu',17,'2024-08-13 17:08:22','2024-08-13 17:08:22'),(1652,'Pomona',17,'2024-08-13 17:08:22','2024-08-13 17:08:22'),(1653,'Prahuaniyeu',17,'2024-08-13 17:08:22','2024-08-13 17:08:22'),(1654,'Rincón Treneta',17,'2024-08-13 17:08:22','2024-08-13 17:08:22'),(1655,'Río Chico',17,'2024-08-13 17:08:22','2024-08-13 17:08:22'),(1656,'Río Colorado',17,'2024-08-13 17:08:22','2024-08-13 17:08:22'),(1657,'Roca',17,'2024-08-13 17:08:22','2024-08-13 17:08:22'),(1658,'San Antonio Oeste',17,'2024-08-13 17:08:22','2024-08-13 17:08:22'),(1659,'San Javier',17,'2024-08-13 17:08:22','2024-08-13 17:08:22'),(1660,'Sierra Colorada',17,'2024-08-13 17:08:22','2024-08-13 17:08:22'),(1661,'Sierra Grande',17,'2024-08-13 17:08:22','2024-08-13 17:08:22'),(1662,'Sierra Pailemán',17,'2024-08-13 17:08:22','2024-08-13 17:08:22'),(1663,'Valcheta',17,'2024-08-13 17:08:22','2024-08-13 17:08:22'),(1664,'Valle Azul',17,'2024-08-13 17:08:22','2024-08-13 17:08:22'),(1665,'Viedma',17,'2024-08-13 17:08:22','2024-08-13 17:08:22'),(1666,'Villa Llanquín',17,'2024-08-13 17:08:22','2024-08-13 17:08:22'),(1667,'Villa Mascardi',17,'2024-08-13 17:08:22','2024-08-13 17:08:22'),(1668,'Villa Regina',17,'2024-08-13 17:08:22','2024-08-13 17:08:22'),(1669,'Yaminué',17,'2024-08-13 17:08:22','2024-08-13 17:08:22'),(1670,'A. Saravia',18,'2024-08-13 17:08:22','2024-08-13 17:08:22'),(1671,'Aguaray',18,'2024-08-13 17:08:22','2024-08-13 17:08:22'),(1672,'Angastaco',18,'2024-08-13 17:08:22','2024-08-13 17:08:22'),(1673,'Animaná',18,'2024-08-13 17:08:22','2024-08-13 17:08:22'),(1674,'Cachi',18,'2024-08-13 17:08:22','2024-08-13 17:08:22'),(1675,'Cafayate',18,'2024-08-13 17:08:22','2024-08-13 17:08:22'),(1676,'Campo Quijano',18,'2024-08-13 17:08:22','2024-08-13 17:08:22'),(1677,'Campo Santo',18,'2024-08-13 17:08:22','2024-08-13 17:08:22'),(1678,'Capital',18,'2024-08-13 17:08:22','2024-08-13 17:08:22'),(1679,'Cerrillos',18,'2024-08-13 17:08:22','2024-08-13 17:08:22'),(1680,'Chicoana',18,'2024-08-13 17:08:22','2024-08-13 17:08:22'),(1681,'Col. Sta. Rosa',18,'2024-08-13 17:08:22','2024-08-13 17:08:22'),(1682,'Coronel Moldes',18,'2024-08-13 17:08:22','2024-08-13 17:08:22'),(1683,'El Bordo',18,'2024-08-13 17:08:22','2024-08-13 17:08:22'),(1684,'El Carril',18,'2024-08-13 17:08:22','2024-08-13 17:08:22'),(1685,'El Galpón',18,'2024-08-13 17:08:22','2024-08-13 17:08:22'),(1686,'El Jardín',18,'2024-08-13 17:08:22','2024-08-13 17:08:22'),(1687,'El Potrero',18,'2024-08-13 17:08:22','2024-08-13 17:08:22'),(1688,'El Quebrachal',18,'2024-08-13 17:08:22','2024-08-13 17:08:22'),(1689,'El Tala',18,'2024-08-13 17:08:22','2024-08-13 17:08:22'),(1690,'Embarcación',18,'2024-08-13 17:08:22','2024-08-13 17:08:22'),(1691,'Gral. Ballivian',18,'2024-08-13 17:08:22','2024-08-13 17:08:22'),(1692,'Gral. Güemes',18,'2024-08-13 17:08:22','2024-08-13 17:08:22'),(1693,'Gral. Mosconi',18,'2024-08-13 17:08:22','2024-08-13 17:08:22'),(1694,'Gral. Pizarro',18,'2024-08-13 17:08:22','2024-08-13 17:08:22'),(1695,'Guachipas',18,'2024-08-13 17:08:22','2024-08-13 17:08:22'),(1696,'Hipólito Yrigoyen',18,'2024-08-13 17:08:22','2024-08-13 17:08:22'),(1697,'Iruyá',18,'2024-08-13 17:08:22','2024-08-13 17:08:22'),(1698,'Isla De Cañas',18,'2024-08-13 17:08:22','2024-08-13 17:08:22'),(1699,'J. V. Gonzalez',18,'2024-08-13 17:08:22','2024-08-13 17:08:22'),(1700,'La Caldera',18,'2024-08-13 17:08:22','2024-08-13 17:08:22'),(1701,'La Candelaria',18,'2024-08-13 17:08:22','2024-08-13 17:08:22'),(1702,'La Merced',18,'2024-08-13 17:08:22','2024-08-13 17:08:22'),(1703,'La Poma',18,'2024-08-13 17:08:22','2024-08-13 17:08:22'),(1704,'La Viña',18,'2024-08-13 17:08:22','2024-08-13 17:08:22'),(1705,'Las Lajitas',18,'2024-08-13 17:08:22','2024-08-13 17:08:22'),(1706,'Los Toldos',18,'2024-08-13 17:08:22','2024-08-13 17:08:22'),(1707,'Metán',18,'2024-08-13 17:08:22','2024-08-13 17:08:22'),(1708,'Molinos',18,'2024-08-13 17:08:22','2024-08-13 17:08:22'),(1709,'Nazareno',18,'2024-08-13 17:08:22','2024-08-13 17:08:22'),(1710,'Orán',18,'2024-08-13 17:08:22','2024-08-13 17:08:22'),(1711,'Payogasta',18,'2024-08-13 17:08:22','2024-08-13 17:08:22'),(1712,'Pichanal',18,'2024-08-13 17:08:22','2024-08-13 17:08:22'),(1713,'Prof. S. Mazza',18,'2024-08-13 17:08:22','2024-08-13 17:08:22'),(1714,'Río Piedras',18,'2024-08-13 17:08:22','2024-08-13 17:08:22'),(1715,'Rivadavia Banda Norte',18,'2024-08-13 17:08:22','2024-08-13 17:08:22'),(1716,'Rivadavia Banda Sur',18,'2024-08-13 17:08:22','2024-08-13 17:08:22'),(1717,'Rosario de La Frontera',18,'2024-08-13 17:08:22','2024-08-13 17:08:22'),(1718,'Rosario de Lerma',18,'2024-08-13 17:08:22','2024-08-13 17:08:22'),(1719,'Saclantás',18,'2024-08-13 17:08:22','2024-08-13 17:08:22'),(1720,'18',18,'2024-08-13 17:08:22','2024-08-13 17:08:22'),(1721,'San Antonio',18,'2024-08-13 17:08:22','2024-08-13 17:08:22'),(1722,'San Carlos',18,'2024-08-13 17:08:22','2024-08-13 17:08:22'),(1723,'San José De Metán',18,'2024-08-13 17:08:22','2024-08-13 17:08:22'),(1724,'San Ramón',18,'2024-08-13 17:08:22','2024-08-13 17:08:22'),(1725,'Santa Victoria E.',18,'2024-08-13 17:08:22','2024-08-13 17:08:22'),(1726,'Santa Victoria O.',18,'2024-08-13 17:08:22','2024-08-13 17:08:22'),(1727,'Tartagal',18,'2024-08-13 17:08:22','2024-08-13 17:08:22'),(1728,'Tolar Grande',18,'2024-08-13 17:08:22','2024-08-13 17:08:22'),(1729,'Urundel',18,'2024-08-13 17:08:22','2024-08-13 17:08:22'),(1730,'Vaqueros',18,'2024-08-13 17:08:22','2024-08-13 17:08:22'),(1731,'Villa San Lorenzo',18,'2024-08-13 17:08:22','2024-08-13 17:08:22'),(1732,'Albardón',19,'2024-08-13 17:08:22','2024-08-13 17:08:22'),(1733,'Angaco',19,'2024-08-13 17:08:22','2024-08-13 17:08:22'),(1734,'Calingasta',19,'2024-08-13 17:08:22','2024-08-13 17:08:22'),(1735,'Capital',19,'2024-08-13 17:08:22','2024-08-13 17:08:22'),(1736,'Caucete',19,'2024-08-13 17:08:22','2024-08-13 17:08:22'),(1737,'Chimbas',19,'2024-08-13 17:08:22','2024-08-13 17:08:22'),(1738,'Iglesia',19,'2024-08-13 17:08:22','2024-08-13 17:08:22'),(1739,'Jachal',19,'2024-08-13 17:08:22','2024-08-13 17:08:22'),(1740,'Nueve de Julio',19,'2024-08-13 17:08:22','2024-08-13 17:08:22'),(1741,'Pocito',19,'2024-08-13 17:08:22','2024-08-13 17:08:22'),(1742,'Rawson',19,'2024-08-13 17:08:22','2024-08-13 17:08:22'),(1743,'Rivadavia',19,'2024-08-13 17:08:22','2024-08-13 17:08:22'),(1744,'19',19,'2024-08-13 17:08:22','2024-08-13 17:08:22'),(1745,'San Martín',19,'2024-08-13 17:08:22','2024-08-13 17:08:22'),(1746,'Santa Lucía',19,'2024-08-13 17:08:22','2024-08-13 17:08:22'),(1747,'Sarmiento',19,'2024-08-13 17:08:22','2024-08-13 17:08:22'),(1748,'Ullum',19,'2024-08-13 17:08:22','2024-08-13 17:08:22'),(1749,'Valle Fértil',19,'2024-08-13 17:08:22','2024-08-13 17:08:22'),(1750,'Veinticinco de Mayo',19,'2024-08-13 17:08:22','2024-08-13 17:08:22'),(1751,'Zonda',19,'2024-08-13 17:08:22','2024-08-13 17:08:22'),(1752,'Alto Pelado',20,'2024-08-13 17:08:22','2024-08-13 17:08:22'),(1753,'Alto Pencoso',20,'2024-08-13 17:08:22','2024-08-13 17:08:22'),(1754,'Anchorena',20,'2024-08-13 17:08:22','2024-08-13 17:08:22'),(1755,'Arizona',20,'2024-08-13 17:08:22','2024-08-13 17:08:22'),(1756,'Bagual',20,'2024-08-13 17:08:22','2024-08-13 17:08:22'),(1757,'Balde',20,'2024-08-13 17:08:22','2024-08-13 17:08:22'),(1758,'Batavia',20,'2024-08-13 17:08:22','2024-08-13 17:08:22'),(1759,'Beazley',20,'2024-08-13 17:08:22','2024-08-13 17:08:22'),(1760,'Buena Esperanza',20,'2024-08-13 17:08:22','2024-08-13 17:08:22'),(1761,'Candelaria',20,'2024-08-13 17:08:22','2024-08-13 17:08:22'),(1762,'Capital',20,'2024-08-13 17:08:22','2024-08-13 17:08:22'),(1763,'Carolina',20,'2024-08-13 17:08:22','2024-08-13 17:08:22'),(1764,'Carpintería',20,'2024-08-13 17:08:22','2024-08-13 17:08:22'),(1765,'Concarán',20,'2024-08-13 17:08:22','2024-08-13 17:08:22'),(1766,'Cortaderas',20,'2024-08-13 17:08:22','2024-08-13 17:08:22'),(1767,'El Morro',20,'2024-08-13 17:08:22','2024-08-13 17:08:22'),(1768,'El Trapiche',20,'2024-08-13 17:08:22','2024-08-13 17:08:22'),(1769,'El Volcán',20,'2024-08-13 17:08:22','2024-08-13 17:08:22'),(1770,'Fortín El Patria',20,'2024-08-13 17:08:22','2024-08-13 17:08:22'),(1771,'Fortuna',20,'2024-08-13 17:08:22','2024-08-13 17:08:22'),(1772,'Fraga',20,'2024-08-13 17:08:22','2024-08-13 17:08:22'),(1773,'Juan Jorba',20,'2024-08-13 17:08:22','2024-08-13 17:08:22'),(1774,'Juan Llerena',20,'2024-08-13 17:08:22','2024-08-13 17:08:22'),(1775,'Juana Koslay',20,'2024-08-13 17:08:22','2024-08-13 17:08:22'),(1776,'Justo Daract',20,'2024-08-13 17:08:22','2024-08-13 17:08:22'),(1777,'La Calera',20,'2024-08-13 17:08:22','2024-08-13 17:08:22'),(1778,'La Florida',20,'2024-08-13 17:08:22','2024-08-13 17:08:22'),(1779,'La Punilla',20,'2024-08-13 17:08:22','2024-08-13 17:08:22'),(1780,'La Toma',20,'2024-08-13 17:08:22','2024-08-13 17:08:22'),(1781,'Lafinur',20,'2024-08-13 17:08:22','2024-08-13 17:08:22'),(1782,'Las Aguadas',20,'2024-08-13 17:08:22','2024-08-13 17:08:22'),(1783,'Las Chacras',20,'2024-08-13 17:08:22','2024-08-13 17:08:22'),(1784,'Las Lagunas',20,'2024-08-13 17:08:22','2024-08-13 17:08:22'),(1785,'Las Vertientes',20,'2024-08-13 17:08:22','2024-08-13 17:08:22'),(1786,'Lavaisse',20,'2024-08-13 17:08:22','2024-08-13 17:08:22'),(1787,'Leandro N. Alem',20,'2024-08-13 17:08:22','2024-08-13 17:08:22'),(1788,'Los Molles',20,'2024-08-13 17:08:22','2024-08-13 17:08:22'),(1789,'Luján',20,'2024-08-13 17:08:22','2024-08-13 17:08:22'),(1790,'Mercedes',20,'2024-08-13 17:08:22','2024-08-13 17:08:22'),(1791,'Merlo',20,'2024-08-13 17:08:22','2024-08-13 17:08:22'),(1792,'Naschel',20,'2024-08-13 17:08:22','2024-08-13 17:08:22'),(1793,'Navia',20,'2024-08-13 17:08:22','2024-08-13 17:08:22'),(1794,'Nogolí',20,'2024-08-13 17:08:22','2024-08-13 17:08:22'),(1795,'Nueva Galia',20,'2024-08-13 17:08:22','2024-08-13 17:08:22'),(1796,'Papagayos',20,'2024-08-13 17:08:22','2024-08-13 17:08:22'),(1797,'Paso Grande',20,'2024-08-13 17:08:22','2024-08-13 17:08:22'),(1798,'Potrero de Los Funes',20,'2024-08-13 17:08:22','2024-08-13 17:08:22'),(1799,'Quines',20,'2024-08-13 17:08:22','2024-08-13 17:08:22'),(1800,'Renca',20,'2024-08-13 17:08:22','2024-08-13 17:08:22'),(1801,'Saladillo',20,'2024-08-13 17:08:22','2024-08-13 17:08:22'),(1802,'San Francisco',20,'2024-08-13 17:08:22','2024-08-13 17:08:22'),(1803,'San Gerónimo',20,'2024-08-13 17:08:22','2024-08-13 17:08:22'),(1804,'San Martín',20,'2024-08-13 17:08:22','2024-08-13 17:08:22'),(1805,'San Pablo',20,'2024-08-13 17:08:22','2024-08-13 17:08:22'),(1806,'Santa Rosa de Conlara',20,'2024-08-13 17:08:22','2024-08-13 17:08:22'),(1807,'Talita',20,'2024-08-13 17:08:22','2024-08-13 17:08:22'),(1808,'Tilisarao',20,'2024-08-13 17:08:22','2024-08-13 17:08:22'),(1809,'Unión',20,'2024-08-13 17:08:22','2024-08-13 17:08:22'),(1810,'Villa de La Quebrada',20,'2024-08-13 17:08:22','2024-08-13 17:08:22'),(1811,'Villa de Praga',20,'2024-08-13 17:08:22','2024-08-13 17:08:22'),(1812,'Villa del Carmen',20,'2024-08-13 17:08:22','2024-08-13 17:08:22'),(1813,'Villa Gral. Roca',20,'2024-08-13 17:08:22','2024-08-13 17:08:22'),(1814,'Villa Larca',20,'2024-08-13 17:08:22','2024-08-13 17:08:22'),(1815,'Villa Mercedes',20,'2024-08-13 17:08:22','2024-08-13 17:08:22'),(1816,'Zanjitas',20,'2024-08-13 17:08:22','2024-08-13 17:08:22'),(1817,'Calafate',21,'2024-08-13 17:08:22','2024-08-13 17:08:22'),(1818,'Caleta Olivia',21,'2024-08-13 17:08:22','2024-08-13 17:08:22'),(1819,'Cañadón Seco',21,'2024-08-13 17:08:22','2024-08-13 17:08:22'),(1820,'Comandante Piedrabuena',21,'2024-08-13 17:08:22','2024-08-13 17:08:22'),(1821,'El Calafate',21,'2024-08-13 17:08:22','2024-08-13 17:08:22'),(1822,'El Chaltén',21,'2024-08-13 17:08:22','2024-08-13 17:08:22'),(1823,'Gdor. Gregores',21,'2024-08-13 17:08:22','2024-08-13 17:08:22'),(1824,'Hipólito Yrigoyen',21,'2024-08-13 17:08:22','2024-08-13 17:08:22'),(1825,'Jaramillo',21,'2024-08-13 17:08:22','2024-08-13 17:08:22'),(1826,'Koluel Kaike',21,'2024-08-13 17:08:22','2024-08-13 17:08:22'),(1827,'Las Heras',21,'2024-08-13 17:08:22','2024-08-13 17:08:22'),(1828,'Los Antiguos',21,'2024-08-13 17:08:22','2024-08-13 17:08:22'),(1829,'Perito Moreno',21,'2024-08-13 17:08:22','2024-08-13 17:08:22'),(1830,'Pico Truncado',21,'2024-08-13 17:08:22','2024-08-13 17:08:22'),(1831,'Pto. Deseado',21,'2024-08-13 17:08:22','2024-08-13 17:08:22'),(1832,'Pto. San Julián',21,'2024-08-13 17:08:22','2024-08-13 17:08:22'),(1833,'Pto. 21',21,'2024-08-13 17:08:22','2024-08-13 17:08:22'),(1834,'Río Cuarto',21,'2024-08-13 17:08:22','2024-08-13 17:08:22'),(1835,'Río Gallegos',21,'2024-08-13 17:08:22','2024-08-13 17:08:22'),(1836,'Río Turbio',21,'2024-08-13 17:08:22','2024-08-13 17:08:22'),(1837,'Tres Lagos',21,'2024-08-13 17:08:22','2024-08-13 17:08:22'),(1838,'Veintiocho De Noviembre',21,'2024-08-13 17:08:22','2024-08-13 17:08:22'),(1839,'Aarón Castellanos',22,'2024-08-13 17:08:22','2024-08-13 17:08:22'),(1840,'Acebal',22,'2024-08-13 17:08:22','2024-08-13 17:08:22'),(1841,'Aguará Grande',22,'2024-08-13 17:08:22','2024-08-13 17:08:22'),(1842,'Albarellos',22,'2024-08-13 17:08:22','2024-08-13 17:08:22'),(1843,'Alcorta',22,'2024-08-13 17:08:22','2024-08-13 17:08:22'),(1844,'Aldao',22,'2024-08-13 17:08:22','2024-08-13 17:08:22'),(1845,'Alejandra',22,'2024-08-13 17:08:22','2024-08-13 17:08:22'),(1846,'Álvarez',22,'2024-08-13 17:08:22','2024-08-13 17:08:22'),(1847,'Ambrosetti',22,'2024-08-13 17:08:22','2024-08-13 17:08:22'),(1848,'Amenábar',22,'2024-08-13 17:08:22','2024-08-13 17:08:22'),(1849,'Angélica',22,'2024-08-13 17:08:22','2024-08-13 17:08:22'),(1850,'Angeloni',22,'2024-08-13 17:08:22','2024-08-13 17:08:22'),(1851,'Arequito',22,'2024-08-13 17:08:22','2024-08-13 17:08:22'),(1852,'Arminda',22,'2024-08-13 17:08:22','2024-08-13 17:08:22'),(1853,'Armstrong',22,'2024-08-13 17:08:22','2024-08-13 17:08:22'),(1854,'Arocena',22,'2024-08-13 17:08:22','2024-08-13 17:08:22'),(1855,'Arroyo Aguiar',22,'2024-08-13 17:08:22','2024-08-13 17:08:22'),(1856,'Arroyo Ceibal',22,'2024-08-13 17:08:22','2024-08-13 17:08:22'),(1857,'Arroyo Leyes',22,'2024-08-13 17:08:22','2024-08-13 17:08:22'),(1858,'Arroyo Seco',22,'2024-08-13 17:08:22','2024-08-13 17:08:22'),(1859,'Arrufó',22,'2024-08-13 17:08:22','2024-08-13 17:08:22'),(1860,'Arteaga',22,'2024-08-13 17:08:22','2024-08-13 17:08:22'),(1861,'Ataliva',22,'2024-08-13 17:08:22','2024-08-13 17:08:22'),(1862,'Aurelia',22,'2024-08-13 17:08:22','2024-08-13 17:08:22'),(1863,'Avellaneda',22,'2024-08-13 17:08:22','2024-08-13 17:08:22'),(1864,'Barrancas',22,'2024-08-13 17:08:22','2024-08-13 17:08:22'),(1865,'Bauer Y Sigel',22,'2024-08-13 17:08:22','2024-08-13 17:08:22'),(1866,'Bella Italia',22,'2024-08-13 17:08:22','2024-08-13 17:08:22'),(1867,'Berabevú',22,'2024-08-13 17:08:22','2024-08-13 17:08:22'),(1868,'Berna',22,'2024-08-13 17:08:22','2024-08-13 17:08:22'),(1869,'Bernardo de Irigoyen',22,'2024-08-13 17:08:22','2024-08-13 17:08:22'),(1870,'Bigand',22,'2024-08-13 17:08:22','2024-08-13 17:08:22'),(1871,'Bombal',22,'2024-08-13 17:08:22','2024-08-13 17:08:22'),(1872,'Bouquet',22,'2024-08-13 17:08:22','2024-08-13 17:08:22'),(1873,'Bustinza',22,'2024-08-13 17:08:22','2024-08-13 17:08:22'),(1874,'Cabal',22,'2024-08-13 17:08:22','2024-08-13 17:08:22'),(1875,'Cacique Ariacaiquin',22,'2024-08-13 17:08:22','2024-08-13 17:08:22'),(1876,'Cafferata',22,'2024-08-13 17:08:22','2024-08-13 17:08:22'),(1877,'Calchaquí',22,'2024-08-13 17:08:22','2024-08-13 17:08:22'),(1878,'Campo Andino',22,'2024-08-13 17:08:22','2024-08-13 17:08:22'),(1879,'Campo Piaggio',22,'2024-08-13 17:08:22','2024-08-13 17:08:22'),(1880,'Cañada de Gómez',22,'2024-08-13 17:08:22','2024-08-13 17:08:22'),(1881,'Cañada del Ucle',22,'2024-08-13 17:08:22','2024-08-13 17:08:22'),(1882,'Cañada Rica',22,'2024-08-13 17:08:22','2024-08-13 17:08:22'),(1883,'Cañada Rosquín',22,'2024-08-13 17:08:22','2024-08-13 17:08:22'),(1884,'Candioti',22,'2024-08-13 17:08:22','2024-08-13 17:08:22'),(1885,'Capital',22,'2024-08-13 17:08:22','2024-08-13 17:08:22'),(1886,'Capitán Bermúdez',22,'2024-08-13 17:08:22','2024-08-13 17:08:22'),(1887,'Capivara',22,'2024-08-13 17:08:22','2024-08-13 17:08:22'),(1888,'Carcarañá',22,'2024-08-13 17:08:22','2024-08-13 17:08:22'),(1889,'Carlos Pellegrini',22,'2024-08-13 17:08:22','2024-08-13 17:08:22'),(1890,'Carmen',22,'2024-08-13 17:08:22','2024-08-13 17:08:22'),(1891,'Carmen Del Sauce',22,'2024-08-13 17:08:22','2024-08-13 17:08:22'),(1892,'Carreras',22,'2024-08-13 17:08:22','2024-08-13 17:08:22'),(1893,'Carrizales',22,'2024-08-13 17:08:22','2024-08-13 17:08:22'),(1894,'Casalegno',22,'2024-08-13 17:08:22','2024-08-13 17:08:22'),(1895,'Casas',22,'2024-08-13 17:08:22','2024-08-13 17:08:22'),(1896,'Casilda',22,'2024-08-13 17:08:22','2024-08-13 17:08:22'),(1897,'Castelar',22,'2024-08-13 17:08:22','2024-08-13 17:08:22'),(1898,'Castellanos',22,'2024-08-13 17:08:22','2024-08-13 17:08:22'),(1899,'Cayastá',22,'2024-08-13 17:08:22','2024-08-13 17:08:22'),(1900,'Cayastacito',22,'2024-08-13 17:08:22','2024-08-13 17:08:22'),(1901,'Centeno',22,'2024-08-13 17:08:22','2024-08-13 17:08:22'),(1902,'Cepeda',22,'2024-08-13 17:08:22','2024-08-13 17:08:22'),(1903,'Ceres',22,'2024-08-13 17:08:22','2024-08-13 17:08:22'),(1904,'Chabás',22,'2024-08-13 17:08:22','2024-08-13 17:08:22'),(1905,'Chañar Ladeado',22,'2024-08-13 17:08:22','2024-08-13 17:08:22'),(1906,'Chapuy',22,'2024-08-13 17:08:22','2024-08-13 17:08:22'),(1907,'Chovet',22,'2024-08-13 17:08:22','2024-08-13 17:08:22'),(1908,'Christophersen',22,'2024-08-13 17:08:22','2024-08-13 17:08:22'),(1909,'Classon',22,'2024-08-13 17:08:22','2024-08-13 17:08:22'),(1910,'Cnel. Arnold',22,'2024-08-13 17:08:22','2024-08-13 17:08:22'),(1911,'Cnel. Bogado',22,'2024-08-13 17:08:22','2024-08-13 17:08:22'),(1912,'Cnel. Dominguez',22,'2024-08-13 17:08:22','2024-08-13 17:08:22'),(1913,'Cnel. Fraga',22,'2024-08-13 17:08:22','2024-08-13 17:08:22'),(1914,'Col. Aldao',22,'2024-08-13 17:08:22','2024-08-13 17:08:22'),(1915,'Col. Ana',22,'2024-08-13 17:08:22','2024-08-13 17:08:22'),(1916,'Col. Belgrano',22,'2024-08-13 17:08:22','2024-08-13 17:08:22'),(1917,'Col. Bicha',22,'2024-08-13 17:08:22','2024-08-13 17:08:22'),(1918,'Col. Bigand',22,'2024-08-13 17:08:22','2024-08-13 17:08:22'),(1919,'Col. Bossi',22,'2024-08-13 17:08:22','2024-08-13 17:08:22'),(1920,'Col. Cavour',22,'2024-08-13 17:08:22','2024-08-13 17:08:22'),(1921,'Col. Cello',22,'2024-08-13 17:08:22','2024-08-13 17:08:22'),(1922,'Col. Dolores',22,'2024-08-13 17:08:22','2024-08-13 17:08:22'),(1923,'Col. Dos Rosas',22,'2024-08-13 17:08:22','2024-08-13 17:08:22'),(1924,'Col. Durán',22,'2024-08-13 17:08:22','2024-08-13 17:08:22'),(1925,'Col. Iturraspe',22,'2024-08-13 17:08:22','2024-08-13 17:08:22'),(1926,'Col. Margarita',22,'2024-08-13 17:08:22','2024-08-13 17:08:22'),(1927,'Col. Mascias',22,'2024-08-13 17:08:22','2024-08-13 17:08:22'),(1928,'Col. Raquel',22,'2024-08-13 17:08:22','2024-08-13 17:08:22'),(1929,'Col. Rosa',22,'2024-08-13 17:08:22','2024-08-13 17:08:22'),(1930,'Col. San José',22,'2024-08-13 17:08:22','2024-08-13 17:08:22'),(1931,'Constanza',22,'2024-08-13 17:08:22','2024-08-13 17:08:22'),(1932,'Coronda',22,'2024-08-13 17:08:22','2024-08-13 17:08:22'),(1933,'Correa',22,'2024-08-13 17:08:22','2024-08-13 17:08:22'),(1934,'Crispi',22,'2024-08-13 17:08:22','2024-08-13 17:08:22'),(1935,'Cululú',22,'2024-08-13 17:08:22','2024-08-13 17:08:22'),(1936,'Curupayti',22,'2024-08-13 17:08:22','2024-08-13 17:08:22'),(1937,'Desvio Arijón',22,'2024-08-13 17:08:22','2024-08-13 17:08:22'),(1938,'Diaz',22,'2024-08-13 17:08:22','2024-08-13 17:08:22'),(1939,'Diego de Alvear',22,'2024-08-13 17:08:22','2024-08-13 17:08:22'),(1940,'Egusquiza',22,'2024-08-13 17:08:22','2024-08-13 17:08:22'),(1941,'El Arazá',22,'2024-08-13 17:08:22','2024-08-13 17:08:22'),(1942,'El Rabón',22,'2024-08-13 17:08:22','2024-08-13 17:08:22'),(1943,'El Sombrerito',22,'2024-08-13 17:08:22','2024-08-13 17:08:22'),(1944,'El Trébol',22,'2024-08-13 17:08:22','2024-08-13 17:08:22'),(1945,'Elisa',22,'2024-08-13 17:08:22','2024-08-13 17:08:22'),(1946,'Elortondo',22,'2024-08-13 17:08:22','2024-08-13 17:08:22'),(1947,'Emilia',22,'2024-08-13 17:08:22','2024-08-13 17:08:22'),(1948,'Empalme San Carlos',22,'2024-08-13 17:08:22','2024-08-13 17:08:22'),(1949,'Empalme Villa Constitucion',22,'2024-08-13 17:08:22','2024-08-13 17:08:22'),(1950,'Esmeralda',22,'2024-08-13 17:08:22','2024-08-13 17:08:22'),(1951,'Esperanza',22,'2024-08-13 17:08:22','2024-08-13 17:08:22'),(1952,'Estación Alvear',22,'2024-08-13 17:08:22','2024-08-13 17:08:22'),(1953,'Estacion Clucellas',22,'2024-08-13 17:08:22','2024-08-13 17:08:22'),(1954,'Esteban Rams',22,'2024-08-13 17:08:22','2024-08-13 17:08:22'),(1955,'Esther',22,'2024-08-13 17:08:22','2024-08-13 17:08:22'),(1956,'Esustolia',22,'2024-08-13 17:08:22','2024-08-13 17:08:22'),(1957,'Eusebia',22,'2024-08-13 17:08:22','2024-08-13 17:08:22'),(1958,'Felicia',22,'2024-08-13 17:08:22','2024-08-13 17:08:22'),(1959,'Fidela',22,'2024-08-13 17:08:22','2024-08-13 17:08:22'),(1960,'Fighiera',22,'2024-08-13 17:08:22','2024-08-13 17:08:22'),(1961,'Firmat',22,'2024-08-13 17:08:22','2024-08-13 17:08:22'),(1962,'Florencia',22,'2024-08-13 17:08:22','2024-08-13 17:08:22'),(1963,'Fortín Olmos',22,'2024-08-13 17:08:22','2024-08-13 17:08:22'),(1964,'Franck',22,'2024-08-13 17:08:22','2024-08-13 17:08:22'),(1965,'Fray Luis Beltrán',22,'2024-08-13 17:08:22','2024-08-13 17:08:22'),(1966,'Frontera',22,'2024-08-13 17:08:22','2024-08-13 17:08:22'),(1967,'Fuentes',22,'2024-08-13 17:08:22','2024-08-13 17:08:22'),(1968,'Funes',22,'2024-08-13 17:08:22','2024-08-13 17:08:22'),(1969,'Gaboto',22,'2024-08-13 17:08:22','2024-08-13 17:08:22'),(1970,'Galisteo',22,'2024-08-13 17:08:22','2024-08-13 17:08:22'),(1971,'Gálvez',22,'2024-08-13 17:08:22','2024-08-13 17:08:22'),(1972,'Garabalto',22,'2024-08-13 17:08:22','2024-08-13 17:08:22'),(1973,'Garibaldi',22,'2024-08-13 17:08:22','2024-08-13 17:08:22'),(1974,'Gato Colorado',22,'2024-08-13 17:08:22','2024-08-13 17:08:22'),(1975,'Gdor. Crespo',22,'2024-08-13 17:08:22','2024-08-13 17:08:22'),(1976,'Gessler',22,'2024-08-13 17:08:22','2024-08-13 17:08:22'),(1977,'Godoy',22,'2024-08-13 17:08:22','2024-08-13 17:08:22'),(1978,'Golondrina',22,'2024-08-13 17:08:22','2024-08-13 17:08:22'),(1979,'Gral. Gelly',22,'2024-08-13 17:08:22','2024-08-13 17:08:22'),(1980,'Gral. Lagos',22,'2024-08-13 17:08:22','2024-08-13 17:08:22'),(1981,'Granadero Baigorria',22,'2024-08-13 17:08:22','2024-08-13 17:08:22'),(1982,'Gregoria Perez De Denis',22,'2024-08-13 17:08:22','2024-08-13 17:08:22'),(1983,'Grutly',22,'2024-08-13 17:08:22','2024-08-13 17:08:22'),(1984,'Guadalupe N.',22,'2024-08-13 17:08:22','2024-08-13 17:08:22'),(1985,'Gödeken',22,'2024-08-13 17:08:22','2024-08-13 17:08:22'),(1986,'Helvecia',22,'2024-08-13 17:08:22','2024-08-13 17:08:22'),(1987,'Hersilia',22,'2024-08-13 17:08:22','2024-08-13 17:08:22'),(1988,'Hipatía',22,'2024-08-13 17:08:22','2024-08-13 17:08:22'),(1989,'Huanqueros',22,'2024-08-13 17:08:22','2024-08-13 17:08:22'),(1990,'Hugentobler',22,'2024-08-13 17:08:22','2024-08-13 17:08:22'),(1991,'Hughes',22,'2024-08-13 17:08:22','2024-08-13 17:08:22'),(1992,'Humberto 1º',22,'2024-08-13 17:08:22','2024-08-13 17:08:22'),(1993,'Humboldt',22,'2024-08-13 17:08:22','2024-08-13 17:08:22'),(1994,'Ibarlucea',22,'2024-08-13 17:08:22','2024-08-13 17:08:22'),(1995,'Ing. Chanourdie',22,'2024-08-13 17:08:22','2024-08-13 17:08:22'),(1996,'Intiyaco',22,'2024-08-13 17:08:22','2024-08-13 17:08:22'),(1997,'Ituzaingó',22,'2024-08-13 17:08:22','2024-08-13 17:08:22'),(1998,'Jacinto L. Aráuz',22,'2024-08-13 17:08:22','2024-08-13 17:08:22'),(1999,'Josefina',22,'2024-08-13 17:08:22','2024-08-13 17:08:22'),(2000,'Juan B. Molina',22,'2024-08-13 17:08:22','2024-08-13 17:08:22'),(2001,'Juan de Garay',22,'2024-08-13 17:08:22','2024-08-13 17:08:22'),(2002,'Juncal',22,'2024-08-13 17:08:22','2024-08-13 17:08:22'),(2003,'La Brava',22,'2024-08-13 17:08:22','2024-08-13 17:08:22'),(2004,'La Cabral',22,'2024-08-13 17:08:22','2024-08-13 17:08:22'),(2005,'La Camila',22,'2024-08-13 17:08:22','2024-08-13 17:08:22'),(2006,'La Chispa',22,'2024-08-13 17:08:22','2024-08-13 17:08:22'),(2007,'La Clara',22,'2024-08-13 17:08:22','2024-08-13 17:08:22'),(2008,'La Criolla',22,'2024-08-13 17:08:22','2024-08-13 17:08:22'),(2009,'La Gallareta',22,'2024-08-13 17:08:22','2024-08-13 17:08:22'),(2010,'La Lucila',22,'2024-08-13 17:08:22','2024-08-13 17:08:22'),(2011,'La Pelada',22,'2024-08-13 17:08:22','2024-08-13 17:08:22'),(2012,'La Penca',22,'2024-08-13 17:08:22','2024-08-13 17:08:22'),(2013,'La Rubia',22,'2024-08-13 17:08:22','2024-08-13 17:08:22'),(2014,'La Sarita',22,'2024-08-13 17:08:22','2024-08-13 17:08:22'),(2015,'La Vanguardia',22,'2024-08-13 17:08:22','2024-08-13 17:08:22'),(2016,'Labordeboy',22,'2024-08-13 17:08:22','2024-08-13 17:08:22'),(2017,'Laguna Paiva',22,'2024-08-13 17:08:22','2024-08-13 17:08:22'),(2018,'Landeta',22,'2024-08-13 17:08:22','2024-08-13 17:08:22'),(2019,'Lanteri',22,'2024-08-13 17:08:22','2024-08-13 17:08:22'),(2020,'Larrechea',22,'2024-08-13 17:08:22','2024-08-13 17:08:22'),(2021,'Las Avispas',22,'2024-08-13 17:08:22','2024-08-13 17:08:22'),(2022,'Las Bandurrias',22,'2024-08-13 17:08:22','2024-08-13 17:08:22'),(2023,'Las Garzas',22,'2024-08-13 17:08:22','2024-08-13 17:08:22'),(2024,'Las Palmeras',22,'2024-08-13 17:08:22','2024-08-13 17:08:22'),(2025,'Las Parejas',22,'2024-08-13 17:08:22','2024-08-13 17:08:22'),(2026,'Las Petacas',22,'2024-08-13 17:08:22','2024-08-13 17:08:22'),(2027,'Las Rosas',22,'2024-08-13 17:08:22','2024-08-13 17:08:22'),(2028,'Las Toscas',22,'2024-08-13 17:08:22','2024-08-13 17:08:22'),(2029,'Las Tunas',22,'2024-08-13 17:08:22','2024-08-13 17:08:22'),(2030,'Lazzarino',22,'2024-08-13 17:08:22','2024-08-13 17:08:22'),(2031,'Lehmann',22,'2024-08-13 17:08:22','2024-08-13 17:08:22'),(2032,'Llambi Campbell',22,'2024-08-13 17:08:22','2024-08-13 17:08:22'),(2033,'Logroño',22,'2024-08-13 17:08:22','2024-08-13 17:08:22'),(2034,'Loma Alta',22,'2024-08-13 17:08:22','2024-08-13 17:08:22'),(2035,'López',22,'2024-08-13 17:08:22','2024-08-13 17:08:22'),(2036,'Los Amores',22,'2024-08-13 17:08:22','2024-08-13 17:08:22'),(2037,'Los Cardos',22,'2024-08-13 17:08:22','2024-08-13 17:08:22'),(2038,'Los Laureles',22,'2024-08-13 17:08:22','2024-08-13 17:08:22'),(2039,'Los Molinos',22,'2024-08-13 17:08:22','2024-08-13 17:08:22'),(2040,'Los Quirquinchos',22,'2024-08-13 17:08:22','2024-08-13 17:08:22'),(2041,'Lucio V. Lopez',22,'2024-08-13 17:08:22','2024-08-13 17:08:22'),(2042,'Luis Palacios',22,'2024-08-13 17:08:22','2024-08-13 17:08:22'),(2043,'Ma. Juana',22,'2024-08-13 17:08:22','2024-08-13 17:08:22'),(2044,'Ma. Luisa',22,'2024-08-13 17:08:22','2024-08-13 17:08:22'),(2045,'Ma. Susana',22,'2024-08-13 17:08:22','2024-08-13 17:08:22'),(2046,'Ma. Teresa',22,'2024-08-13 17:08:22','2024-08-13 17:08:22'),(2047,'Maciel',22,'2024-08-13 17:08:22','2024-08-13 17:08:22'),(2048,'Maggiolo',22,'2024-08-13 17:08:22','2024-08-13 17:08:22'),(2049,'Malabrigo',22,'2024-08-13 17:08:22','2024-08-13 17:08:22'),(2050,'Marcelino Escalada',22,'2024-08-13 17:08:22','2024-08-13 17:08:22'),(2051,'Margarita',22,'2024-08-13 17:08:22','2024-08-13 17:08:22'),(2052,'Matilde',22,'2024-08-13 17:08:22','2024-08-13 17:08:22'),(2053,'Mauá',22,'2024-08-13 17:08:22','2024-08-13 17:08:22'),(2054,'Máximo Paz',22,'2024-08-13 17:08:22','2024-08-13 17:08:22'),(2055,'Melincué',22,'2024-08-13 17:08:22','2024-08-13 17:08:22'),(2056,'Miguel Torres',22,'2024-08-13 17:08:22','2024-08-13 17:08:22'),(2057,'Moisés Ville',22,'2024-08-13 17:08:22','2024-08-13 17:08:22'),(2058,'Monigotes',22,'2024-08-13 17:08:22','2024-08-13 17:08:22'),(2059,'Monje',22,'2024-08-13 17:08:22','2024-08-13 17:08:22'),(2060,'Monte Obscuridad',22,'2024-08-13 17:08:22','2024-08-13 17:08:22'),(2061,'Monte Vera',22,'2024-08-13 17:08:22','2024-08-13 17:08:22'),(2062,'Montefiore',22,'2024-08-13 17:08:22','2024-08-13 17:08:22'),(2063,'Montes de Oca',22,'2024-08-13 17:08:22','2024-08-13 17:08:22'),(2064,'Murphy',22,'2024-08-13 17:08:22','2024-08-13 17:08:22'),(2065,'Ñanducita',22,'2024-08-13 17:08:22','2024-08-13 17:08:22'),(2066,'Naré',22,'2024-08-13 17:08:22','2024-08-13 17:08:22'),(2067,'Nelson',22,'2024-08-13 17:08:22','2024-08-13 17:08:22'),(2068,'Nicanor E. Molinas',22,'2024-08-13 17:08:22','2024-08-13 17:08:22'),(2069,'Nuevo Torino',22,'2024-08-13 17:08:22','2024-08-13 17:08:22'),(2070,'Oliveros',22,'2024-08-13 17:08:22','2024-08-13 17:08:22'),(2071,'Palacios',22,'2024-08-13 17:08:22','2024-08-13 17:08:22'),(2072,'Pavón',22,'2024-08-13 17:08:22','2024-08-13 17:08:22'),(2073,'Pavón Arriba',22,'2024-08-13 17:08:22','2024-08-13 17:08:22'),(2074,'Pedro Gómez Cello',22,'2024-08-13 17:08:22','2024-08-13 17:08:22'),(2075,'Pérez',22,'2024-08-13 17:08:22','2024-08-13 17:08:22'),(2076,'Peyrano',22,'2024-08-13 17:08:22','2024-08-13 17:08:22'),(2077,'Piamonte',22,'2024-08-13 17:08:22','2024-08-13 17:08:22'),(2078,'Pilar',22,'2024-08-13 17:08:22','2024-08-13 17:08:22'),(2079,'Piñero',22,'2024-08-13 17:08:22','2024-08-13 17:08:22'),(2080,'Plaza Clucellas',22,'2024-08-13 17:08:22','2024-08-13 17:08:22'),(2081,'Portugalete',22,'2024-08-13 17:08:22','2024-08-13 17:08:22'),(2082,'Pozo Borrado',22,'2024-08-13 17:08:22','2024-08-13 17:08:22'),(2083,'Progreso',22,'2024-08-13 17:08:22','2024-08-13 17:08:22'),(2084,'Providencia',22,'2024-08-13 17:08:22','2024-08-13 17:08:22'),(2085,'Pte. Roca',22,'2024-08-13 17:08:22','2024-08-13 17:08:22'),(2086,'Pueblo Andino',22,'2024-08-13 17:08:22','2024-08-13 17:08:22'),(2087,'Pueblo Esther',22,'2024-08-13 17:08:22','2024-08-13 17:08:22'),(2088,'Pueblo Gral. San Martín',22,'2024-08-13 17:08:22','2024-08-13 17:08:22'),(2089,'Pueblo Irigoyen',22,'2024-08-13 17:08:22','2024-08-13 17:08:22'),(2090,'Pueblo Marini',22,'2024-08-13 17:08:22','2024-08-13 17:08:22'),(2091,'Pueblo Muñoz',22,'2024-08-13 17:08:22','2024-08-13 17:08:22'),(2092,'Pueblo Uranga',22,'2024-08-13 17:08:22','2024-08-13 17:08:22'),(2093,'Pujato',22,'2024-08-13 17:08:22','2024-08-13 17:08:22'),(2094,'Pujato N.',22,'2024-08-13 17:08:22','2024-08-13 17:08:22'),(2095,'Rafaela',22,'2024-08-13 17:08:22','2024-08-13 17:08:22'),(2096,'Ramayón',22,'2024-08-13 17:08:22','2024-08-13 17:08:22'),(2097,'Ramona',22,'2024-08-13 17:08:22','2024-08-13 17:08:22'),(2098,'Reconquista',22,'2024-08-13 17:08:22','2024-08-13 17:08:22'),(2099,'Recreo',22,'2024-08-13 17:08:22','2024-08-13 17:08:22'),(2100,'Ricardone',22,'2024-08-13 17:08:22','2024-08-13 17:08:22'),(2101,'Rivadavia',22,'2024-08-13 17:08:22','2024-08-13 17:08:22'),(2102,'Roldán',22,'2024-08-13 17:08:22','2024-08-13 17:08:22'),(2103,'Romang',22,'2024-08-13 17:08:22','2024-08-13 17:08:22'),(2104,'Rosario',22,'2024-08-13 17:08:22','2024-08-13 17:08:22'),(2105,'Rueda',22,'2024-08-13 17:08:22','2024-08-13 17:08:22'),(2106,'Rufino',22,'2024-08-13 17:08:22','2024-08-13 17:08:22'),(2107,'Sa Pereira',22,'2024-08-13 17:08:22','2024-08-13 17:08:22'),(2108,'Saguier',22,'2024-08-13 17:08:22','2024-08-13 17:08:22'),(2109,'Saladero M. Cabal',22,'2024-08-13 17:08:22','2024-08-13 17:08:22'),(2110,'Salto Grande',22,'2024-08-13 17:08:22','2024-08-13 17:08:22'),(2111,'San Agustín',22,'2024-08-13 17:08:22','2024-08-13 17:08:22'),(2112,'San Antonio de Obligado',22,'2024-08-13 17:08:22','2024-08-13 17:08:22'),(2113,'San Bernardo (N.J.)',22,'2024-08-13 17:08:22','2024-08-13 17:08:22'),(2114,'San Bernardo (S.J.)',22,'2024-08-13 17:08:22','2024-08-13 17:08:22'),(2115,'San Carlos Centro',22,'2024-08-13 17:08:22','2024-08-13 17:08:22'),(2116,'San Carlos N.',22,'2024-08-13 17:08:22','2024-08-13 17:08:22'),(2117,'San Carlos S.',22,'2024-08-13 17:08:22','2024-08-13 17:08:22'),(2118,'San Cristóbal',22,'2024-08-13 17:08:22','2024-08-13 17:08:22'),(2119,'San Eduardo',22,'2024-08-13 17:08:22','2024-08-13 17:08:22'),(2120,'San Eugenio',22,'2024-08-13 17:08:22','2024-08-13 17:08:22'),(2121,'San Fabián',22,'2024-08-13 17:08:22','2024-08-13 17:08:22'),(2122,'San Fco. de Santa Fé',22,'2024-08-13 17:08:22','2024-08-13 17:08:22'),(2123,'San Genaro',22,'2024-08-13 17:08:22','2024-08-13 17:08:22'),(2124,'San Genaro N.',22,'2024-08-13 17:08:22','2024-08-13 17:08:22'),(2125,'San Gregorio',22,'2024-08-13 17:08:22','2024-08-13 17:08:22'),(2126,'San Guillermo',22,'2024-08-13 17:08:22','2024-08-13 17:08:22'),(2127,'San Javier',22,'2024-08-13 17:08:22','2024-08-13 17:08:22'),(2128,'San Jerónimo del Sauce',22,'2024-08-13 17:08:22','2024-08-13 17:08:22'),(2129,'San Jerónimo N.',22,'2024-08-13 17:08:22','2024-08-13 17:08:22'),(2130,'San Jerónimo S.',22,'2024-08-13 17:08:22','2024-08-13 17:08:22'),(2131,'San Jorge',22,'2024-08-13 17:08:22','2024-08-13 17:08:22'),(2132,'San José de La Esquina',22,'2024-08-13 17:08:22','2024-08-13 17:08:22'),(2133,'San José del Rincón',22,'2024-08-13 17:08:22','2024-08-13 17:08:22'),(2134,'San Justo',22,'2024-08-13 17:08:22','2024-08-13 17:08:22'),(2135,'San Lorenzo',22,'2024-08-13 17:08:22','2024-08-13 17:08:22'),(2136,'San Mariano',22,'2024-08-13 17:08:22','2024-08-13 17:08:22'),(2137,'San Martín de Las Escobas',22,'2024-08-13 17:08:22','2024-08-13 17:08:22'),(2138,'San Martín N.',22,'2024-08-13 17:08:22','2024-08-13 17:08:22'),(2139,'San Vicente',22,'2024-08-13 17:08:22','2024-08-13 17:08:22'),(2140,'Sancti Spititu',22,'2024-08-13 17:08:22','2024-08-13 17:08:22'),(2141,'Sanford',22,'2024-08-13 17:08:22','2024-08-13 17:08:22'),(2142,'Santo Domingo',22,'2024-08-13 17:08:22','2024-08-13 17:08:22'),(2143,'Santo Tomé',22,'2024-08-13 17:08:22','2024-08-13 17:08:22'),(2144,'Santurce',22,'2024-08-13 17:08:22','2024-08-13 17:08:22'),(2145,'Sargento Cabral',22,'2024-08-13 17:08:22','2024-08-13 17:08:22'),(2146,'Sarmiento',22,'2024-08-13 17:08:22','2024-08-13 17:08:22'),(2147,'Sastre',22,'2024-08-13 17:08:22','2024-08-13 17:08:22'),(2148,'Sauce Viejo',22,'2024-08-13 17:08:22','2024-08-13 17:08:22'),(2149,'Serodino',22,'2024-08-13 17:08:22','2024-08-13 17:08:22'),(2150,'Silva',22,'2024-08-13 17:08:22','2024-08-13 17:08:22'),(2151,'Soldini',22,'2024-08-13 17:08:22','2024-08-13 17:08:22'),(2152,'Soledad',22,'2024-08-13 17:08:22','2024-08-13 17:08:22'),(2153,'Soutomayor',22,'2024-08-13 17:08:22','2024-08-13 17:08:22'),(2154,'Sta. Clara de Buena Vista',22,'2024-08-13 17:08:22','2024-08-13 17:08:22'),(2155,'Sta. Clara de Saguier',22,'2024-08-13 17:08:22','2024-08-13 17:08:22'),(2156,'Sta. Isabel',22,'2024-08-13 17:08:22','2024-08-13 17:08:22'),(2157,'Sta. Margarita',22,'2024-08-13 17:08:22','2024-08-13 17:08:22'),(2158,'Sta. Maria Centro',22,'2024-08-13 17:08:22','2024-08-13 17:08:22'),(2159,'Sta. María N.',22,'2024-08-13 17:08:22','2024-08-13 17:08:22'),(2160,'Sta. Rosa',22,'2024-08-13 17:08:22','2024-08-13 17:08:22'),(2161,'Sta. Teresa',22,'2024-08-13 17:08:22','2024-08-13 17:08:22'),(2162,'Suardi',22,'2024-08-13 17:08:22','2024-08-13 17:08:22'),(2163,'Sunchales',22,'2024-08-13 17:08:22','2024-08-13 17:08:22'),(2164,'Susana',22,'2024-08-13 17:08:22','2024-08-13 17:08:22'),(2165,'Tacuarendí',22,'2024-08-13 17:08:22','2024-08-13 17:08:22'),(2166,'Tacural',22,'2024-08-13 17:08:22','2024-08-13 17:08:22'),(2167,'Tartagal',22,'2024-08-13 17:08:22','2024-08-13 17:08:22'),(2168,'Teodelina',22,'2024-08-13 17:08:22','2024-08-13 17:08:22'),(2169,'Theobald',22,'2024-08-13 17:08:22','2024-08-13 17:08:22'),(2170,'Timbúes',22,'2024-08-13 17:08:22','2024-08-13 17:08:22'),(2171,'Toba',22,'2024-08-13 17:08:22','2024-08-13 17:08:22'),(2172,'Tortugas',22,'2024-08-13 17:08:22','2024-08-13 17:08:22'),(2173,'Tostado',22,'2024-08-13 17:08:22','2024-08-13 17:08:22'),(2174,'Totoras',22,'2024-08-13 17:08:22','2024-08-13 17:08:22'),(2175,'Traill',22,'2024-08-13 17:08:22','2024-08-13 17:08:22'),(2176,'Venado Tuerto',22,'2024-08-13 17:08:22','2024-08-13 17:08:22'),(2177,'Vera',22,'2024-08-13 17:08:22','2024-08-13 17:08:22'),(2178,'Vera y Pintado',22,'2024-08-13 17:08:22','2024-08-13 17:08:22'),(2179,'Videla',22,'2024-08-13 17:08:22','2024-08-13 17:08:22'),(2180,'Vila',22,'2024-08-13 17:08:22','2024-08-13 17:08:22'),(2181,'Villa Amelia',22,'2024-08-13 17:08:22','2024-08-13 17:08:22'),(2182,'Villa Ana',22,'2024-08-13 17:08:22','2024-08-13 17:08:22'),(2183,'Villa Cañas',22,'2024-08-13 17:08:22','2024-08-13 17:08:22'),(2184,'Villa Constitución',22,'2024-08-13 17:08:22','2024-08-13 17:08:22'),(2185,'Villa Eloísa',22,'2024-08-13 17:08:22','2024-08-13 17:08:22'),(2186,'Villa Gdor. Gálvez',22,'2024-08-13 17:08:22','2024-08-13 17:08:22'),(2187,'Villa Guillermina',22,'2024-08-13 17:08:22','2024-08-13 17:08:22'),(2188,'Villa Minetti',22,'2024-08-13 17:08:22','2024-08-13 17:08:22'),(2189,'Villa Mugueta',22,'2024-08-13 17:08:22','2024-08-13 17:08:22'),(2190,'Villa Ocampo',22,'2024-08-13 17:08:22','2024-08-13 17:08:22'),(2191,'Villa San José',22,'2024-08-13 17:08:22','2024-08-13 17:08:22'),(2192,'Villa Saralegui',22,'2024-08-13 17:08:22','2024-08-13 17:08:22'),(2193,'Villa Trinidad',22,'2024-08-13 17:08:22','2024-08-13 17:08:22'),(2194,'Villada',22,'2024-08-13 17:08:22','2024-08-13 17:08:22'),(2195,'Virginia',22,'2024-08-13 17:08:22','2024-08-13 17:08:22'),(2196,'Wheelwright',22,'2024-08-13 17:08:22','2024-08-13 17:08:22'),(2197,'Zavalla',22,'2024-08-13 17:08:22','2024-08-13 17:08:22'),(2198,'Zenón Pereira',22,'2024-08-13 17:08:22','2024-08-13 17:08:22'),(2199,'Añatuya',23,'2024-08-13 17:08:22','2024-08-13 17:08:22'),(2200,'Árraga',23,'2024-08-13 17:08:22','2024-08-13 17:08:22'),(2201,'Bandera',23,'2024-08-13 17:08:22','2024-08-13 17:08:22'),(2202,'Bandera Bajada',23,'2024-08-13 17:08:22','2024-08-13 17:08:22'),(2203,'Beltrán',23,'2024-08-13 17:08:22','2024-08-13 17:08:22'),(2204,'Brea Pozo',23,'2024-08-13 17:08:22','2024-08-13 17:08:22'),(2205,'Campo Gallo',23,'2024-08-13 17:08:22','2024-08-13 17:08:22'),(2206,'Capital',23,'2024-08-13 17:08:22','2024-08-13 17:08:22'),(2207,'Chilca Juliana',23,'2024-08-13 17:08:22','2024-08-13 17:08:22'),(2208,'Choya',23,'2024-08-13 17:08:22','2024-08-13 17:08:22'),(2209,'Clodomira',23,'2024-08-13 17:08:22','2024-08-13 17:08:22'),(2210,'Col. Alpina',23,'2024-08-13 17:08:22','2024-08-13 17:08:22'),(2211,'Col. Dora',23,'2024-08-13 17:08:22','2024-08-13 17:08:22'),(2212,'Col. El Simbolar Robles',23,'2024-08-13 17:08:22','2024-08-13 17:08:22'),(2213,'El Bobadal',23,'2024-08-13 17:08:22','2024-08-13 17:08:22'),(2214,'El Charco',23,'2024-08-13 17:08:22','2024-08-13 17:08:22'),(2215,'El Mojón',23,'2024-08-13 17:08:22','2024-08-13 17:08:22'),(2216,'Estación Atamisqui',23,'2024-08-13 17:08:22','2024-08-13 17:08:22'),(2217,'Estación Simbolar',23,'2024-08-13 17:08:22','2024-08-13 17:08:22'),(2218,'Fernández',23,'2024-08-13 17:08:22','2024-08-13 17:08:22'),(2219,'Fortín Inca',23,'2024-08-13 17:08:22','2024-08-13 17:08:22'),(2220,'Frías',23,'2024-08-13 17:08:22','2024-08-13 17:08:22'),(2221,'Garza',23,'2024-08-13 17:08:22','2024-08-13 17:08:22'),(2222,'Gramilla',23,'2024-08-13 17:08:22','2024-08-13 17:08:22'),(2223,'Guardia Escolta',23,'2024-08-13 17:08:22','2024-08-13 17:08:22'),(2224,'Herrera',23,'2024-08-13 17:08:22','2024-08-13 17:08:22'),(2225,'Icaño',23,'2024-08-13 17:08:22','2024-08-13 17:08:22'),(2226,'Ing. Forres',23,'2024-08-13 17:08:22','2024-08-13 17:08:22'),(2227,'La Banda',23,'2024-08-13 17:08:22','2024-08-13 17:08:22'),(2228,'La Cañada',23,'2024-08-13 17:08:22','2024-08-13 17:08:22'),(2229,'Laprida',23,'2024-08-13 17:08:22','2024-08-13 17:08:22'),(2230,'Lavalle',23,'2024-08-13 17:08:22','2024-08-13 17:08:22'),(2231,'Loreto',23,'2024-08-13 17:08:22','2024-08-13 17:08:22'),(2232,'Los Juríes',23,'2024-08-13 17:08:22','2024-08-13 17:08:22'),(2233,'Los Núñez',23,'2024-08-13 17:08:22','2024-08-13 17:08:22'),(2234,'Los Pirpintos',23,'2024-08-13 17:08:22','2024-08-13 17:08:22'),(2235,'Los Quiroga',23,'2024-08-13 17:08:22','2024-08-13 17:08:22'),(2236,'Los Telares',23,'2024-08-13 17:08:22','2024-08-13 17:08:22'),(2237,'Lugones',23,'2024-08-13 17:08:22','2024-08-13 17:08:22'),(2238,'Malbrán',23,'2024-08-13 17:08:22','2024-08-13 17:08:22'),(2239,'Matara',23,'2024-08-13 17:08:22','2024-08-13 17:08:22'),(2240,'Medellín',23,'2024-08-13 17:08:22','2024-08-13 17:08:22'),(2241,'Monte Quemado',23,'2024-08-13 17:08:22','2024-08-13 17:08:22'),(2242,'Nueva Esperanza',23,'2024-08-13 17:08:22','2024-08-13 17:08:22'),(2243,'Nueva Francia',23,'2024-08-13 17:08:22','2024-08-13 17:08:22'),(2244,'Palo Negro',23,'2024-08-13 17:08:22','2024-08-13 17:08:22'),(2245,'Pampa de Los Guanacos',23,'2024-08-13 17:08:22','2024-08-13 17:08:22'),(2246,'Pinto',23,'2024-08-13 17:08:22','2024-08-13 17:08:22'),(2247,'Pozo Hondo',23,'2024-08-13 17:08:22','2024-08-13 17:08:22'),(2248,'Quimilí',23,'2024-08-13 17:08:22','2024-08-13 17:08:22'),(2249,'Real Sayana',23,'2024-08-13 17:08:22','2024-08-13 17:08:22'),(2250,'Sachayoj',23,'2024-08-13 17:08:22','2024-08-13 17:08:22'),(2251,'San Pedro de Guasayán',23,'2024-08-13 17:08:22','2024-08-13 17:08:22'),(2252,'Selva',23,'2024-08-13 17:08:22','2024-08-13 17:08:22'),(2253,'Sol de Julio',23,'2024-08-13 17:08:22','2024-08-13 17:08:22'),(2254,'Sumampa',23,'2024-08-13 17:08:22','2024-08-13 17:08:22'),(2255,'Suncho Corral',23,'2024-08-13 17:08:22','2024-08-13 17:08:22'),(2256,'Taboada',23,'2024-08-13 17:08:22','2024-08-13 17:08:22'),(2257,'Tapso',23,'2024-08-13 17:08:22','2024-08-13 17:08:22'),(2258,'Termas de Rio Hondo',23,'2024-08-13 17:08:22','2024-08-13 17:08:22'),(2259,'Tintina',23,'2024-08-13 17:08:22','2024-08-13 17:08:22'),(2260,'Tomas Young',23,'2024-08-13 17:08:22','2024-08-13 17:08:22'),(2261,'Vilelas',23,'2024-08-13 17:08:22','2024-08-13 17:08:22'),(2262,'Villa Atamisqui',23,'2024-08-13 17:08:22','2024-08-13 17:08:22'),(2263,'Villa La Punta',23,'2024-08-13 17:08:22','2024-08-13 17:08:22'),(2264,'Villa Ojo de Agua',23,'2024-08-13 17:08:22','2024-08-13 17:08:22'),(2265,'Villa Río Hondo',23,'2024-08-13 17:08:22','2024-08-13 17:08:22'),(2266,'Villa Salavina',23,'2024-08-13 17:08:22','2024-08-13 17:08:22'),(2267,'Villa Unión',23,'2024-08-13 17:08:22','2024-08-13 17:08:22'),(2268,'Vilmer',23,'2024-08-13 17:08:22','2024-08-13 17:08:22'),(2269,'Weisburd',23,'2024-08-13 17:08:22','2024-08-13 17:08:22'),(2270,'Río Grande',24,'2024-08-13 17:08:22','2024-08-13 17:08:22'),(2271,'Tolhuin',24,'2024-08-13 17:08:22','2024-08-13 17:08:22'),(2272,'Ushuaia',24,'2024-08-13 17:08:22','2024-08-13 17:08:22'),(2273,'Acheral',25,'2024-08-13 17:08:22','2024-08-13 17:08:22'),(2274,'Agua Dulce',25,'2024-08-13 17:08:22','2024-08-13 17:08:22'),(2275,'Aguilares',25,'2024-08-13 17:08:22','2024-08-13 17:08:22'),(2276,'Alderetes',25,'2024-08-13 17:08:22','2024-08-13 17:08:22'),(2277,'Alpachiri',25,'2024-08-13 17:08:22','2024-08-13 17:08:22'),(2278,'Alto Verde',25,'2024-08-13 17:08:22','2024-08-13 17:08:22'),(2279,'Amaicha del Valle',25,'2024-08-13 17:08:22','2024-08-13 17:08:22'),(2280,'Amberes',25,'2024-08-13 17:08:22','2024-08-13 17:08:22'),(2281,'Ancajuli',25,'2024-08-13 17:08:22','2024-08-13 17:08:22'),(2282,'Arcadia',25,'2024-08-13 17:08:22','2024-08-13 17:08:22'),(2283,'Atahona',25,'2024-08-13 17:08:22','2024-08-13 17:08:22'),(2284,'Banda del Río Sali',25,'2024-08-13 17:08:22','2024-08-13 17:08:22'),(2285,'Bella Vista',25,'2024-08-13 17:08:22','2024-08-13 17:08:22'),(2286,'Buena Vista',25,'2024-08-13 17:08:22','2024-08-13 17:08:22'),(2287,'Burruyacú',25,'2024-08-13 17:08:22','2024-08-13 17:08:22'),(2288,'Capitán Cáceres',25,'2024-08-13 17:08:22','2024-08-13 17:08:22'),(2289,'Cevil Redondo',25,'2024-08-13 17:08:22','2024-08-13 17:08:22'),(2290,'Choromoro',25,'2024-08-13 17:08:22','2024-08-13 17:08:22'),(2291,'Ciudacita',25,'2024-08-13 17:08:22','2024-08-13 17:08:22'),(2292,'Colalao del Valle',25,'2024-08-13 17:08:22','2024-08-13 17:08:22'),(2293,'Colombres',25,'2024-08-13 17:08:22','2024-08-13 17:08:22'),(2294,'Concepción',25,'2024-08-13 17:08:22','2024-08-13 17:08:22'),(2295,'Delfín Gallo',25,'2024-08-13 17:08:22','2024-08-13 17:08:22'),(2296,'El Bracho',25,'2024-08-13 17:08:22','2024-08-13 17:08:22'),(2297,'El Cadillal',25,'2024-08-13 17:08:22','2024-08-13 17:08:22'),(2298,'El Cercado',25,'2024-08-13 17:08:22','2024-08-13 17:08:22'),(2299,'El Chañar',25,'2024-08-13 17:08:22','2024-08-13 17:08:22'),(2300,'El Manantial',25,'2024-08-13 17:08:22','2024-08-13 17:08:22'),(2301,'El Mojón',25,'2024-08-13 17:08:22','2024-08-13 17:08:22'),(2302,'El Mollar',25,'2024-08-13 17:08:22','2024-08-13 17:08:22'),(2303,'El Naranjito',25,'2024-08-13 17:08:22','2024-08-13 17:08:22'),(2304,'El Naranjo',25,'2024-08-13 17:08:22','2024-08-13 17:08:22'),(2305,'El Polear',25,'2024-08-13 17:08:22','2024-08-13 17:08:22'),(2306,'El Puestito',25,'2024-08-13 17:08:22','2024-08-13 17:08:22'),(2307,'El Sacrificio',25,'2024-08-13 17:08:22','2024-08-13 17:08:22'),(2308,'El Timbó',25,'2024-08-13 17:08:22','2024-08-13 17:08:22'),(2309,'Escaba',25,'2024-08-13 17:08:22','2024-08-13 17:08:22'),(2310,'Esquina',25,'2024-08-13 17:08:22','2024-08-13 17:08:22'),(2311,'Estación Aráoz',25,'2024-08-13 17:08:22','2024-08-13 17:08:22'),(2312,'Famaillá',25,'2024-08-13 17:08:22','2024-08-13 17:08:22'),(2313,'Gastone',25,'2024-08-13 17:08:22','2024-08-13 17:08:22'),(2314,'Gdor. Garmendia',25,'2024-08-13 17:08:22','2024-08-13 17:08:22'),(2315,'Gdor. Piedrabuena',25,'2024-08-13 17:08:22','2024-08-13 17:08:22'),(2316,'Graneros',25,'2024-08-13 17:08:22','2024-08-13 17:08:22'),(2317,'Huasa Pampa',25,'2024-08-13 17:08:22','2024-08-13 17:08:22'),(2318,'J. B. Alberdi',25,'2024-08-13 17:08:22','2024-08-13 17:08:22'),(2319,'La Cocha',25,'2024-08-13 17:08:22','2024-08-13 17:08:22'),(2320,'La Esperanza',25,'2024-08-13 17:08:22','2024-08-13 17:08:22'),(2321,'La Florida',25,'2024-08-13 17:08:22','2024-08-13 17:08:22'),(2322,'La Ramada',25,'2024-08-13 17:08:22','2024-08-13 17:08:22'),(2323,'La Trinidad',25,'2024-08-13 17:08:22','2024-08-13 17:08:22'),(2324,'Lamadrid',25,'2024-08-13 17:08:22','2024-08-13 17:08:22'),(2325,'Las Cejas',25,'2024-08-13 17:08:22','2024-08-13 17:08:22'),(2326,'Las Talas',25,'2024-08-13 17:08:22','2024-08-13 17:08:22'),(2327,'Las Talitas',25,'2024-08-13 17:08:22','2024-08-13 17:08:22'),(2328,'Los Bulacio',25,'2024-08-13 17:08:22','2024-08-13 17:08:22'),(2329,'Los Gómez',25,'2024-08-13 17:08:22','2024-08-13 17:08:22'),(2330,'Los Nogales',25,'2024-08-13 17:08:22','2024-08-13 17:08:22'),(2331,'Los Pereyra',25,'2024-08-13 17:08:22','2024-08-13 17:08:22'),(2332,'Los Pérez',25,'2024-08-13 17:08:22','2024-08-13 17:08:22'),(2333,'Los Puestos',25,'2024-08-13 17:08:22','2024-08-13 17:08:22'),(2334,'Los Ralos',25,'2024-08-13 17:08:22','2024-08-13 17:08:22'),(2335,'Los Sarmientos',25,'2024-08-13 17:08:22','2024-08-13 17:08:22'),(2336,'Los Sosa',25,'2024-08-13 17:08:22','2024-08-13 17:08:22'),(2337,'Lules',25,'2024-08-13 17:08:22','2024-08-13 17:08:22'),(2338,'M. García Fernández',25,'2024-08-13 17:08:22','2024-08-13 17:08:22'),(2339,'Manuela Pedraza',25,'2024-08-13 17:08:22','2024-08-13 17:08:22'),(2340,'Medinas',25,'2024-08-13 17:08:22','2024-08-13 17:08:22'),(2341,'Monte Bello',25,'2024-08-13 17:08:22','2024-08-13 17:08:22'),(2342,'Monteagudo',25,'2024-08-13 17:08:22','2024-08-13 17:08:22'),(2343,'Monteros',25,'2024-08-13 17:08:22','2024-08-13 17:08:22'),(2344,'Padre Monti',25,'2024-08-13 17:08:22','2024-08-13 17:08:22'),(2345,'Pampa Mayo',25,'2024-08-13 17:08:22','2024-08-13 17:08:22'),(2346,'Quilmes',25,'2024-08-13 17:08:22','2024-08-13 17:08:22'),(2347,'Raco',25,'2024-08-13 17:08:22','2024-08-13 17:08:22'),(2348,'Ranchillos',25,'2024-08-13 17:08:22','2024-08-13 17:08:22'),(2349,'Río Chico',25,'2024-08-13 17:08:22','2024-08-13 17:08:22'),(2350,'Río Colorado',25,'2024-08-13 17:08:22','2024-08-13 17:08:22'),(2351,'Río Seco',25,'2024-08-13 17:08:22','2024-08-13 17:08:22'),(2352,'Rumi Punco',25,'2024-08-13 17:08:22','2024-08-13 17:08:22'),(2353,'San Andrés',25,'2024-08-13 17:08:22','2024-08-13 17:08:22'),(2354,'San Felipe',25,'2024-08-13 17:08:22','2024-08-13 17:08:22'),(2355,'San Ignacio',25,'2024-08-13 17:08:22','2024-08-13 17:08:22'),(2356,'San Javier',25,'2024-08-13 17:08:22','2024-08-13 17:08:22'),(2357,'San José',25,'2024-08-13 17:08:22','2024-08-13 17:08:22'),(2358,'San Miguel de 25',25,'2024-08-13 17:08:22','2024-08-13 17:08:22'),(2359,'San Pedro',25,'2024-08-13 17:08:22','2024-08-13 17:08:22'),(2360,'San Pedro de Colalao',25,'2024-08-13 17:08:22','2024-08-13 17:08:22'),(2361,'Santa Rosa de Leales',25,'2024-08-13 17:08:22','2024-08-13 17:08:22'),(2362,'Sgto. Moya',25,'2024-08-13 17:08:22','2024-08-13 17:08:22'),(2363,'Siete de Abril',25,'2024-08-13 17:08:22','2024-08-13 17:08:22'),(2364,'Simoca',25,'2024-08-13 17:08:22','2024-08-13 17:08:22'),(2365,'Soldado Maldonado',25,'2024-08-13 17:08:22','2024-08-13 17:08:22'),(2366,'Sta. Ana',25,'2024-08-13 17:08:22','2024-08-13 17:08:22'),(2367,'Sta. Cruz',25,'2024-08-13 17:08:22','2024-08-13 17:08:22'),(2368,'Sta. Lucía',25,'2024-08-13 17:08:22','2024-08-13 17:08:22'),(2369,'Taco Ralo',25,'2024-08-13 17:08:22','2024-08-13 17:08:22'),(2370,'Tafí del Valle',25,'2024-08-13 17:08:22','2024-08-13 17:08:22'),(2371,'Tafí Viejo',25,'2024-08-13 17:08:22','2024-08-13 17:08:22'),(2372,'Tapia',25,'2024-08-13 17:08:22','2024-08-13 17:08:22'),(2373,'Teniente Berdina',25,'2024-08-13 17:08:22','2024-08-13 17:08:22'),(2374,'Trancas',25,'2024-08-13 17:08:22','2024-08-13 17:08:22'),(2375,'Villa Belgrano',25,'2024-08-13 17:08:22','2024-08-13 17:08:22'),(2376,'Villa Benjamín Araoz',25,'2024-08-13 17:08:22','2024-08-13 17:08:22'),(2377,'Villa Chiligasta',25,'2024-08-13 17:08:22','2024-08-13 17:08:22'),(2378,'Villa de Leales',25,'2024-08-13 17:08:22','2024-08-13 17:08:22'),(2379,'Villa Quinteros',25,'2024-08-13 17:08:22','2024-08-13 17:08:22'),(2380,'Yánima',25,'2024-08-13 17:08:22','2024-08-13 17:08:22'),(2381,'Yerba Buena',25,'2024-08-13 17:08:22','2024-08-13 17:08:22'),(2382,'Yerba Buena (S)',25,'2024-08-13 17:08:22','2024-08-13 17:08:22');
/*!40000 ALTER TABLE `localities` ENABLE KEYS */;
UNLOCK TABLES;

--
-- Table structure for table `material_values`
--

DROP TABLE IF EXISTS `material_values`;
/*!40101 SET @saved_cs_client     = @@character_set_client */;
/*!50503 SET character_set_client = utf8mb4 */;
CREATE TABLE `material_values` (
  `id` int(11) NOT NULL AUTO_INCREMENT,
  `id_material` int(11) NOT NULL,
  `value` varchar(255) NOT NULL,
  `img` varchar(255) DEFAULT NULL,
  `color` varchar(7) DEFAULT NULL,
  `created_at` timestamp NULL DEFAULT NULL,
  `updated_at` timestamp NULL DEFAULT NULL,
  PRIMARY KEY (`id`),
  KEY `id_material` (`id_material`),
  CONSTRAINT `material_values_ibfk_1` FOREIGN KEY (`id_material`) REFERENCES `materials` (`id`) ON DELETE CASCADE
) ENGINE=InnoDB AUTO_INCREMENT=149 DEFAULT CHARSET=utf8mb4 COLLATE=utf8mb4_unicode_ci;
/*!40101 SET character_set_client = @saved_cs_client */;

--
-- Dumping data for table `material_values`
--

LOCK TABLES `material_values` WRITE;
/*!40000 ALTER TABLE `material_values` DISABLE KEYS */;
INSERT INTO `material_values` VALUES (1,1,'Blanco','storage/materials/images/1728058078_blanco.jpg','#FFF','2024-10-04 16:07:58','2024-10-04 16:28:19'),(2,1,'Gris perla','storage/materials/images/1728059299_Gris perla.jpg','#9C9C9C','2024-10-04 16:07:58','2024-10-04 16:28:19'),(3,3,'Blanco','storage/materials/images/1728058114_Blanco.jpg','#FBFBFB','2024-10-04 16:08:34','2024-10-04 16:08:34'),(4,3,'Chocolate','storage/materials/images/1728058114_Chocolate.jpg','#40202B','2024-10-04 16:08:34','2024-10-04 16:08:34'),(5,3,'Gris claro','storage/materials/images/1728058114_Gris claro.png','#CDCDCD','2024-10-04 16:08:34','2024-10-04 16:08:34'),(6,3,'Gris oscuro','storage/materials/images/1728058114_Gris oscuro.png','#332F2C','2024-10-04 16:08:34','2024-10-04 16:08:34'),(7,3,'Negro','storage/materials/images/1728058114_Negro.png','#000','2024-10-04 16:08:34','2024-10-04 16:08:34'),(8,3,'Rojo tomate','storage/materials/images/1728058114_Rojo tomate.jpg','#D5303E','2024-10-04 16:08:34','2024-10-04 16:08:34'),(9,4,'Amarrillo','storage/materials/images/1728058114_Amarillo.jpg','#FFFF00','2024-10-04 16:08:34','2024-10-04 16:08:34'),(10,4,'Azul','storage/materials/images/1728058114_Azul.jpg','#00FFFF','2024-10-04 16:08:34','2024-10-04 16:08:34'),(11,4,'Beige','storage/materials/images/1728058114_Beige.jpg','#F5F5DC','2024-10-04 16:08:34','2024-10-04 16:08:34'),(12,4,'Chocolate','storage/materials/images/1728058114_Chocolate.png','#40202B','2024-10-04 16:08:34','2024-10-04 16:08:34'),(13,4,'Gris oscuro','storage/materials/images/1728058114_Gris oscuro.png','#332F2C','2024-10-04 16:08:34','2024-10-04 16:08:34'),(14,4,'Gris perla','storage/materials/images/1728058114_Gris perla.jpg','#9C9C9C','2024-10-04 16:08:34','2024-10-04 16:08:34'),(15,4,'Negro','storage/materials/images/1728058114_Negro.jpg','#000','2024-10-04 16:08:34','2024-10-04 16:08:34'),(16,4,'Rojo','storage/materials/images/1728058114_Rojo.png','#ff0000','2024-10-04 16:08:34','2024-10-04 16:08:34'),(17,5,'Gris perla','storage/materials/images/1728058114_Gris perla.jpg','#9C9C9C','2024-10-04 16:08:34','2024-10-04 16:08:34'),(18,6,'Nature','storage/materials/images/1728058706_Nature.jpg','#FFF','2024-10-04 16:18:26','2024-10-04 16:18:26'),(19,6,'Nogal Terracota','storage/materials/images/1728058706_Nogal Terracota.jpg','#E2725B','2024-10-04 16:18:26','2024-10-04 16:18:26'),(20,6,'Roble Americano','storage/materials/images/1728058706_Roble Americano.jpg','#EED09D','2024-10-04 16:18:26','2024-10-04 16:18:26'),(23,9,'chip1',NULL,'#12f321','2024-10-07 18:48:06','2024-10-07 18:48:06'),(24,9,'chip2','blob:http://localhost:3003/5c4762ee-7b3f-4d2a-9eb0-4f8fd990bd27','#FFF','2024-10-07 18:48:06','2024-10-07 18:48:06'),(25,10,'chip1',NULL,'#00ecf0','2024-10-07 18:48:06','2024-10-07 18:48:06'),(26,10,'chip2',NULL,'#37e407','2024-10-07 18:48:06','2024-10-07 18:48:06'),(27,11,'chip1','blob:http://localhost:3003/89b657fd-0765-4672-9a09-95adfb9996d6','#FFF','2024-10-07 18:48:06','2024-10-07 18:48:06'),(28,13,'Chico',NULL,'#66341a','2024-10-07 19:14:32','2024-10-07 19:14:32'),(29,13,'Mediano','blob:http://localhost:3003/b3fd64be-4ed8-43d9-adc8-fa0740334cc2',NULL,'2024-10-07 19:14:32','2024-10-07 19:14:32'),(30,14,'Grande',NULL,'#917c40','2024-10-07 19:14:32','2024-10-07 19:14:32'),(31,16,'Largo',NULL,'#08e234','2024-10-07 20:08:38','2024-10-07 20:08:38'),(32,16,'Mediano','blob:http://localhost:3003/22d6fc00-7876-4adb-b543-c72023db7693','#FFF','2024-10-07 20:08:38','2024-10-10 16:01:10'),(33,17,'Chico',NULL,'#8304d7','2024-10-07 20:08:38','2024-10-07 20:08:38'),(40,20,'Nature','storage/materials/images/1728342958_Nature.jpg','#FFF','2024-10-07 23:15:58','2024-10-07 23:15:58'),(41,20,'Nogal Terracota','storage/materials/images/1728342958_Nogal Terracota.jpg','#E2725B','2024-10-07 23:15:58','2024-10-07 23:15:58'),(42,20,'Roble Americano','storage/materials/images/1728342959_Roble Americano.jpg','#EED09D','2024-10-07 23:15:59','2024-10-07 23:15:59'),(43,21,'Largo',NULL,'#08e234','2024-10-08 16:36:49','2024-10-08 16:36:49'),(44,21,'Mediano','blob:http://localhost:3003/22d6fc00-7876-4adb-b543-c72023db7693','#FFF','2024-10-08 16:36:49','2024-10-10 16:01:10'),(45,22,'Chico',NULL,'#8304d7','2024-10-08 16:36:49','2024-10-08 16:36:49'),(46,22,'Mediano',NULL,'#55fb0e','2024-10-08 16:36:49','2024-10-08 16:36:49'),(47,23,'Largo',NULL,'#08e234','2024-10-08 16:37:12','2024-10-08 16:37:12'),(48,23,'Mediano','blob:http://localhost:3003/22d6fc00-7876-4adb-b543-c72023db7693',NULL,'2024-10-08 16:37:12','2024-10-08 16:37:12'),(49,24,'Chico',NULL,'#8304d7','2024-10-08 16:37:12','2024-10-08 16:37:12'),(50,27,'v1',NULL,'#28a4bd','2024-10-08 16:40:50','2024-10-08 16:40:50'),(51,28,'v2',NULL,'#36a617','2024-10-08 16:40:50','2024-10-08 16:40:50'),(58,31,'v1',NULL,'#ca1616','2024-10-08 19:23:27','2024-10-08 19:23:27'),(59,32,'v2',NULL,'#20c10b','2024-10-08 19:23:27','2024-10-08 19:23:27'),(60,33,'v1',NULL,'#ca1616','2024-10-08 19:25:55','2024-10-08 19:25:55'),(61,34,'v2',NULL,'#20c10b','2024-10-08 19:25:55','2024-10-08 19:25:55'),(62,35,'v2',NULL,'#b11616','2024-10-08 19:25:55','2024-10-08 19:25:55'),(65,38,'chip2',NULL,'#cd1818','2024-10-08 19:35:35','2024-10-08 19:35:35'),(66,9,'chip1',NULL,'#12f321','2024-10-08 19:37:27','2024-10-08 19:37:27'),(67,9,'chip2','blob:http://localhost:3003/5c4762ee-7b3f-4d2a-9eb0-4f8fd990bd27',NULL,'2024-10-08 19:37:27','2024-10-08 19:37:27'),(68,10,'chip1',NULL,'#00ecf0','2024-10-08 19:37:27','2024-10-08 19:37:27'),(69,10,'chip2',NULL,'#37e407','2024-10-08 19:37:27','2024-10-08 19:37:27'),(70,11,'chip1','blob:http://localhost:3003/89b657fd-0765-4672-9a09-95adfb9996d6',NULL,'2024-10-08 19:37:27','2024-10-08 19:37:27'),(71,9,'chip1',NULL,'#12f321','2024-10-08 19:37:55','2024-10-08 19:37:55'),(72,9,'chip2','blob:http://localhost:3003/5c4762ee-7b3f-4d2a-9eb0-4f8fd990bd27',NULL,'2024-10-08 19:37:55','2024-10-08 19:37:55'),(73,9,'chip1',NULL,'#12f321','2024-10-08 19:37:55','2024-10-08 19:37:55'),(74,9,'chip2','blob:http://localhost:3003/5c4762ee-7b3f-4d2a-9eb0-4f8fd990bd27',NULL,'2024-10-08 19:37:55','2024-10-08 19:37:55'),(75,10,'chip1',NULL,'#00ecf0','2024-10-08 19:37:55','2024-10-08 19:37:55'),(76,10,'chip2',NULL,'#37e407','2024-10-08 19:37:55','2024-10-08 19:37:55'),(77,10,'chip1',NULL,'#00ecf0','2024-10-08 19:37:55','2024-10-08 19:37:55'),(78,10,'chip2',NULL,'#37e407','2024-10-08 19:37:55','2024-10-08 19:37:55'),(79,11,'chip1','blob:http://localhost:3003/89b657fd-0765-4672-9a09-95adfb9996d6',NULL,'2024-10-08 19:37:55','2024-10-08 19:37:55'),(80,11,'chip1','blob:http://localhost:3003/89b657fd-0765-4672-9a09-95adfb9996d6',NULL,'2024-10-08 19:37:55','2024-10-08 19:37:55'),(91,27,'v2',NULL,'#d41616','2024-10-09 11:57:52','2024-10-09 11:57:52'),(92,39,'v1',NULL,'#14f0d6','2024-10-09 11:57:52','2024-10-09 11:57:52'),(95,27,'v3',NULL,'#22fb13','2024-10-09 12:02:37','2024-10-09 12:02:37'),(96,27,'v3',NULL,'#13dd17','2024-10-09 12:02:37','2024-10-09 12:02:37'),(97,41,'chica',NULL,'#34e411','2024-10-09 12:07:26','2024-10-09 12:07:26'),(98,42,'grande',NULL,'#0d68c9','2024-10-09 12:07:26','2024-10-09 12:07:26'),(100,40,'chica',NULL,'#d11515','2024-10-09 12:08:18','2024-10-09 12:08:18'),(101,40,'grande',NULL,'#44d80e','2024-10-09 12:08:18','2024-10-09 12:08:18'),(102,44,'img1','blob:http://localhost:3003/92c8b1ce-4bcf-440f-ab1e-e55f4f4bd755',NULL,'2024-10-09 20:59:16','2024-10-09 20:59:16'),(103,45,'img2','blob:http://localhost:3003/ab0af62e-8668-4afc-bed2-45ae604f61a9',NULL,'2024-10-09 20:59:16','2024-10-09 20:59:16'),(104,45,'img2','blob:http://localhost:3003/8375559f-51f7-43d7-954a-b272e8ab1210',NULL,'2024-10-09 20:59:16','2024-10-09 20:59:16'),(109,48,'img1','storage/materials/images/1728573573_Captura de pantalla 2024-09-26 172449.png',NULL,'2024-10-10 15:19:33','2024-10-10 15:19:33'),(113,49,'imagen','storage/materials/images/1728575989_Captura de pantalla 2024-09-26 172449.png',NULL,'2024-10-10 15:59:49','2024-10-10 15:59:49'),(115,7,'v1',NULL,'#e01a1a','2024-10-10 17:28:21','2024-10-10 17:28:21'),(116,7,'v3',NULL,'#df1111','2024-10-10 17:28:21','2024-10-10 17:28:21'),(117,7,'v3','storage/materials/images/1728575508_Captura de pantalla 2024-09-26 172449.png',NULL,'2024-10-10 17:28:21','2024-10-10 17:28:21'),(118,7,'v4','storage/materials/images/1728581301_Captura de pantalla 2024-09-26 172449.png',NULL,'2024-10-10 17:28:21','2024-10-10 17:28:21'),(120,54,'sub material de prueba 5.3',NULL,'#000222','2024-10-10 17:34:30','2024-10-10 17:41:44'),(125,57,'chip1',NULL,'#17d214','2024-10-10 17:42:01','2024-10-10 17:42:01'),(126,58,'chip2',NULL,'#14e6f5','2024-10-10 17:42:01','2024-10-10 17:42:01'),(127,58,'chip3',NULL,'#ca0c0c','2024-10-10 17:42:01','2024-10-10 17:42:01'),(130,59,'itemImg','storage/materials/images/1728582292_Captura de pantalla 2024-09-26 172449.png','#FFF','2024-10-10 17:44:52','2024-10-10 19:42:50');
/*!40000 ALTER TABLE `material_values` ENABLE KEYS */;
UNLOCK TABLES;

--
-- Table structure for table `materials`
--

DROP TABLE IF EXISTS `materials`;
/*!40101 SET @saved_cs_client     = @@character_set_client */;
/*!50503 SET character_set_client = utf8mb4 */;
CREATE TABLE `materials` (
  `id` int(11) NOT NULL AUTO_INCREMENT,
  `id_material` int(11) DEFAULT NULL,
  `name` varchar(255) NOT NULL,
  `status` int(11) NOT NULL,
  `created_at` timestamp NULL DEFAULT NULL,
  `updated_at` timestamp NULL DEFAULT NULL,
  PRIMARY KEY (`id`),
  KEY `id_material` (`id_material`),
  KEY `status` (`status`),
  CONSTRAINT `materials_ibfk_1` FOREIGN KEY (`id_material`) REFERENCES `materials` (`id`) ON DELETE CASCADE,
  CONSTRAINT `materials_ibfk_2` FOREIGN KEY (`status`) REFERENCES `status` (`id`)
) ENGINE=InnoDB AUTO_INCREMENT=63 DEFAULT CHARSET=utf8mb4 COLLATE=utf8mb4_unicode_ci;
/*!40101 SET character_set_client = @saved_cs_client */;

--
-- Dumping data for table `materials`
--

LOCK TABLES `materials` WRITE;
/*!40000 ALTER TABLE `materials` DISABLE KEYS */;
INSERT INTO `materials` VALUES (1,NULL,'Colores planos',2,'2024-10-04 16:07:58','2024-10-04 16:07:58'),(2,NULL,'Colores Telas',2,'2024-10-04 16:08:34','2024-10-04 16:08:34'),(3,2,'Ecocuero',2,'2024-10-04 16:08:34','2024-10-04 16:08:34'),(4,2,'Lino',2,'2024-10-04 16:08:34','2024-10-04 16:08:34'),(5,2,'Red',2,'2024-10-04 16:08:34','2024-10-04 16:08:34'),(6,NULL,'Melaminas',2,'2024-10-04 16:18:26','2024-10-04 16:18:26'),(7,NULL,'Test',1,'2024-10-07 18:40:32','2024-10-08 23:27:51'),(8,NULL,'TestSubMateriales',2,'2024-10-07 18:48:06','2024-10-07 18:48:06'),(9,8,'item1',2,'2024-10-07 18:48:06','2024-10-07 18:48:06'),(10,8,'item2',2,'2024-10-07 18:48:06','2024-10-07 18:48:06'),(11,8,'item3',2,'2024-10-07 18:48:06','2024-10-07 18:48:06'),(12,NULL,'Madera',2,'2024-10-07 19:14:32','2024-10-07 19:14:32'),(13,12,'Pino',2,'2024-10-07 19:14:32','2024-10-07 19:14:32'),(14,12,'Roble',2,'2024-10-07 19:14:32','2024-10-07 19:14:32'),(15,NULL,'Metal',2,'2024-10-07 20:08:38','2024-10-07 20:08:38'),(16,15,'Acero',2,'2024-10-07 20:08:38','2024-10-07 20:08:38'),(17,15,'Aluminio',2,'2024-10-07 20:08:38','2024-10-07 20:08:38'),(20,NULL,'Material para eliminar',2,'2024-10-07 23:15:58','2024-10-07 23:15:58'),(21,15,'Acero',2,'2024-10-08 16:36:49','2024-10-08 16:36:49'),(22,15,'Aluminio',2,'2024-10-08 16:36:49','2024-10-08 16:36:49'),(23,15,'Acero',2,'2024-10-08 16:37:12','2024-10-08 16:37:12'),(24,15,'Aluminio',2,'2024-10-08 16:37:12','2024-10-08 16:37:12'),(26,NULL,'PruebaConSub',2,'2024-10-08 16:40:50','2024-10-08 16:40:50'),(27,26,'i1',2,'2024-10-08 16:40:50','2024-10-08 16:40:50'),(28,26,'i2',2,'2024-10-08 16:40:50','2024-10-08 16:40:50'),(29,NULL,'Nuevo Material',2,'2024-10-08 19:10:16','2024-10-08 19:10:16'),(30,NULL,'TestSoloMaterial',2,'2024-10-08 19:15:09','2024-10-08 19:17:22'),(31,30,'i1',2,'2024-10-08 19:23:27','2024-10-08 19:23:27'),(32,30,'i2',2,'2024-10-08 19:23:27','2024-10-08 19:23:27'),(33,30,'i1',2,'2024-10-08 19:25:55','2024-10-08 19:25:55'),(34,30,'i2',2,'2024-10-08 19:25:55','2024-10-08 19:25:55'),(35,30,'i3',2,'2024-10-08 19:25:55','2024-10-08 19:25:55'),(36,8,'item1',2,'2024-10-08 19:35:35','2024-10-08 19:35:35'),(37,8,'item2',2,'2024-10-08 19:35:35','2024-10-08 19:35:35'),(38,8,'item3',2,'2024-10-08 19:35:35','2024-10-08 19:35:35'),(39,26,'i3',2,'2024-10-09 11:57:52','2024-10-09 11:57:52'),(40,NULL,'Tela',2,'2024-10-09 12:07:26','2024-10-09 12:07:26'),(41,40,'TelaFina',2,'2024-10-09 12:07:26','2024-10-09 12:07:26'),(42,40,'TelaGruesa',2,'2024-10-09 12:07:26','2024-10-09 12:07:26'),(43,NULL,'Imagenes',2,'2024-10-09 20:59:16','2024-10-10 13:05:23'),(44,43,'item1',2,'2024-10-09 20:59:16','2024-10-09 20:59:16'),(45,43,'item2',2,'2024-10-09 20:59:16','2024-10-09 20:59:16'),(48,NULL,'Test-Imagenes',2,'2024-10-10 15:19:33','2024-10-10 15:19:33'),(49,NULL,'Test-ParaNahu',2,'2024-10-10 15:59:49','2024-10-10 15:59:49'),(53,NULL,'testFinalSubmaterialeseditado',2,'2024-10-10 17:32:40','2024-10-10 21:10:05'),(54,53,'Madera Industrial para eliminar si o si',2,'2024-10-10 17:32:40','2024-10-10 17:32:40'),(55,NULL,'PruebaNahuel22222',2,'2024-10-10 17:36:25','2024-10-10 18:38:44'),(56,NULL,'Pruebasubbbb',2,'2024-10-10 17:42:01','2024-10-10 17:42:01'),(57,56,'item1',2,'2024-10-10 17:42:01','2024-10-10 17:42:01'),(58,56,'item2',2,'2024-10-10 17:42:01','2024-10-10 17:42:01'),(59,56,'item3',2,'2024-10-10 17:43:16','2024-10-10 17:43:16'),(60,NULL,'testFinalSubmaterialeseditado',2,'2024-10-10 19:51:01','2024-10-10 21:22:07'),(62,60,'sub2',2,'2024-10-10 19:51:01','2024-10-10 19:51:01');
/*!40000 ALTER TABLE `materials` ENABLE KEYS */;
UNLOCK TABLES;

--
-- Table structure for table `migrations`
--

DROP TABLE IF EXISTS `migrations`;
/*!40101 SET @saved_cs_client     = @@character_set_client */;
/*!50503 SET character_set_client = utf8mb4 */;
CREATE TABLE `migrations` (
  `id` int(10) unsigned NOT NULL AUTO_INCREMENT,
  `migration` varchar(255) NOT NULL,
  `batch` int(11) NOT NULL,
  PRIMARY KEY (`id`)
) ENGINE=InnoDB AUTO_INCREMENT=5 DEFAULT CHARSET=utf8mb4 COLLATE=utf8mb4_unicode_ci;
/*!40101 SET character_set_client = @saved_cs_client */;

--
-- Dumping data for table `migrations`
--

LOCK TABLES `migrations` WRITE;
/*!40000 ALTER TABLE `migrations` DISABLE KEYS */;
INSERT INTO `migrations` VALUES (1,'0001_01_01_000000_create_users_table',1),(2,'0002_01_01_000000_create_users_table',2),(3,'2024_08_01_210925_create_personal_access_tokens_table',3),(4,'2024_08_06_014700_create_cache_table',4);
/*!40000 ALTER TABLE `migrations` ENABLE KEYS */;
UNLOCK TABLES;

--
-- Table structure for table `personal_access_tokens`
--

DROP TABLE IF EXISTS `personal_access_tokens`;
/*!40101 SET @saved_cs_client     = @@character_set_client */;
/*!50503 SET character_set_client = utf8mb4 */;
CREATE TABLE `personal_access_tokens` (
  `id` bigint(20) unsigned NOT NULL AUTO_INCREMENT,
  `tokenable_type` varchar(255) NOT NULL,
  `tokenable_id` bigint(20) unsigned NOT NULL,
  `name` varchar(255) NOT NULL,
  `token` varchar(64) NOT NULL,
  `abilities` text DEFAULT NULL,
  `last_used_at` timestamp NULL DEFAULT NULL,
  `expires_at` timestamp NULL DEFAULT NULL,
  `created_at` timestamp NULL DEFAULT NULL,
  `updated_at` timestamp NULL DEFAULT NULL,
  PRIMARY KEY (`id`),
  UNIQUE KEY `personal_access_tokens_token_unique` (`token`),
  KEY `personal_access_tokens_tokenable_type_tokenable_id_index` (`tokenable_type`,`tokenable_id`)
) ENGINE=InnoDB AUTO_INCREMENT=6 DEFAULT CHARSET=utf8mb4 COLLATE=utf8mb4_unicode_ci;
/*!40101 SET character_set_client = @saved_cs_client */;

--
-- Dumping data for table `personal_access_tokens`
--

LOCK TABLES `personal_access_tokens` WRITE;
/*!40000 ALTER TABLE `personal_access_tokens` DISABLE KEYS */;
INSERT INTO `personal_access_tokens` VALUES (1,'App\\Models\\User',1,'auth_token','4c4234a95a86a8614df8732b4a637dbba6b3f8149e4ef05810af3029c9ae5104','[\"*\"]',NULL,NULL,'2024-08-02 01:02:26','2024-08-02 01:02:26'),(2,'App\\Models\\User',1,'auth_token','cb461bcb395235432d905759e267bf1538d65028dcad4bd8b793bd8234c916ae','[\"*\"]',NULL,NULL,'2024-08-02 01:02:31','2024-08-02 01:02:31'),(3,'App\\Models\\User',1,'auth_token','eda4a889a200eabf879dd56bd5c118ca99b8aa8450589f71bf428ddb034de3df','[\"*\"]',NULL,NULL,'2024-08-02 01:04:25','2024-08-02 01:04:25'),(4,'App\\Models\\User',1,'auth_token','b389a348cef3a8010f447c222f0b2ca1a0480c5abc156df9cc33d002aece57aa','[\"*\"]',NULL,NULL,'2024-08-02 01:08:17','2024-08-02 01:08:17'),(5,'App\\Models\\User',1,'auth_token','bebeabcfefcfcda9d91606a6f248e688611ced738078e2315b0fe9231742512d','[\"*\"]',NULL,NULL,'2024-08-02 01:09:37','2024-08-02 01:09:37');
/*!40000 ALTER TABLE `personal_access_tokens` ENABLE KEYS */;
UNLOCK TABLES;

--
-- Table structure for table `product_attributes`
--

DROP TABLE IF EXISTS `product_attributes`;
/*!40101 SET @saved_cs_client     = @@character_set_client */;
/*!50503 SET character_set_client = utf8mb4 */;
CREATE TABLE `product_attributes` (
  `id` int(11) NOT NULL AUTO_INCREMENT,
  `id_product` int(11) DEFAULT NULL,
  `id_attribute_value` int(11) DEFAULT NULL,
  `img` varchar(255) DEFAULT NULL,
  `created_at` timestamp NULL DEFAULT current_timestamp(),
  `updated_at` timestamp NULL DEFAULT current_timestamp() ON UPDATE current_timestamp(),
  PRIMARY KEY (`id`),
  KEY `id_product` (`id_product`),
  KEY `id_attribute_value` (`id_attribute_value`),
  CONSTRAINT `product_attributes_ibfk_1` FOREIGN KEY (`id_product`) REFERENCES `products` (`id`) ON DELETE CASCADE,
  CONSTRAINT `product_attributes_ibfk_2` FOREIGN KEY (`id_attribute_value`) REFERENCES `attribute_values` (`id`) ON DELETE CASCADE
) ENGINE=InnoDB AUTO_INCREMENT=3 DEFAULT CHARSET=utf8mb4 COLLATE=utf8mb4_unicode_ci;
/*!40101 SET character_set_client = @saved_cs_client */;

--
-- Dumping data for table `product_attributes`
--

LOCK TABLES `product_attributes` WRITE;
/*!40000 ALTER TABLE `product_attributes` DISABLE KEYS */;
INSERT INTO `product_attributes` VALUES (1,1,95,NULL,'2024-12-26 22:06:44','2024-12-26 22:06:44'),(2,1,96,NULL,'2024-12-26 22:06:44','2024-12-26 22:06:44');
/*!40000 ALTER TABLE `product_attributes` ENABLE KEYS */;
UNLOCK TABLES;

--
-- Table structure for table `product_categories`
--

DROP TABLE IF EXISTS `product_categories`;
/*!40101 SET @saved_cs_client     = @@character_set_client */;
/*!50503 SET character_set_client = utf8mb4 */;
CREATE TABLE `product_categories` (
  `id` int(11) NOT NULL AUTO_INCREMENT,
  `id_product` int(11) DEFAULT NULL,
  `id_categorie` int(11) DEFAULT NULL,
  `created_at` timestamp NULL DEFAULT current_timestamp(),
  `updated_at` timestamp NULL DEFAULT current_timestamp() ON UPDATE current_timestamp(),
  PRIMARY KEY (`id`),
  KEY `id_product` (`id_product`),
  KEY `id_categorie` (`id_categorie`),
  CONSTRAINT `product_categories_ibfk_1` FOREIGN KEY (`id_product`) REFERENCES `products` (`id`) ON DELETE CASCADE,
  CONSTRAINT `product_categories_ibfk_2` FOREIGN KEY (`id_categorie`) REFERENCES `categories` (`id`) ON DELETE CASCADE
) ENGINE=InnoDB AUTO_INCREMENT=2 DEFAULT CHARSET=utf8mb4 COLLATE=utf8mb4_unicode_ci;
/*!40101 SET character_set_client = @saved_cs_client */;

--
-- Dumping data for table `product_categories`
--

LOCK TABLES `product_categories` WRITE;
/*!40000 ALTER TABLE `product_categories` DISABLE KEYS */;
INSERT INTO `product_categories` VALUES (1,1,1,'2024-12-26 22:06:43','2024-12-26 22:06:43');
/*!40000 ALTER TABLE `product_categories` ENABLE KEYS */;
UNLOCK TABLES;

--
-- Table structure for table `product_components`
--

DROP TABLE IF EXISTS `product_components`;
/*!40101 SET @saved_cs_client     = @@character_set_client */;
/*!50503 SET character_set_client = utf8mb4 */;
CREATE TABLE `product_components` (
  `id` int(11) NOT NULL AUTO_INCREMENT,
  `id_product` int(11) DEFAULT NULL,
  `id_component` int(11) DEFAULT NULL,
  `created_at` timestamp NULL DEFAULT current_timestamp(),
  `updated_at` timestamp NULL DEFAULT current_timestamp() ON UPDATE current_timestamp(),
  PRIMARY KEY (`id`),
  KEY `id_product` (`id_product`),
  KEY `id_component` (`id_component`),
  CONSTRAINT `product_components_ibfk_1` FOREIGN KEY (`id_product`) REFERENCES `products` (`id`) ON DELETE CASCADE,
  CONSTRAINT `product_components_ibfk_2` FOREIGN KEY (`id_component`) REFERENCES `components` (`id`) ON DELETE CASCADE
) ENGINE=InnoDB AUTO_INCREMENT=3 DEFAULT CHARSET=utf8mb4 COLLATE=utf8mb4_unicode_ci;
/*!40101 SET character_set_client = @saved_cs_client */;

--
-- Dumping data for table `product_components`
--

LOCK TABLES `product_components` WRITE;
/*!40000 ALTER TABLE `product_components` DISABLE KEYS */;
INSERT INTO `product_components` VALUES (1,1,1,'2024-12-26 22:06:44','2024-12-26 22:06:44'),(2,1,2,'2024-12-26 22:06:44','2024-12-26 22:06:44');
/*!40000 ALTER TABLE `product_components` ENABLE KEYS */;
UNLOCK TABLES;

--
-- Table structure for table `product_galleries`
--

DROP TABLE IF EXISTS `product_galleries`;
/*!40101 SET @saved_cs_client     = @@character_set_client */;
/*!50503 SET character_set_client = utf8mb4 */;
CREATE TABLE `product_galleries` (
  `id` int(11) NOT NULL AUTO_INCREMENT,
  `id_product` int(11) DEFAULT NULL,
  `file` varchar(255) DEFAULT NULL,
  `created_at` timestamp NULL DEFAULT current_timestamp(),
  `updated_at` timestamp NULL DEFAULT current_timestamp() ON UPDATE current_timestamp(),
  PRIMARY KEY (`id`),
  KEY `id_product` (`id_product`),
  CONSTRAINT `product_galleries_ibfk_1` FOREIGN KEY (`id_product`) REFERENCES `products` (`id`) ON DELETE CASCADE
) ENGINE=InnoDB DEFAULT CHARSET=utf8mb4 COLLATE=utf8mb4_unicode_ci;
/*!40101 SET character_set_client = @saved_cs_client */;

--
-- Dumping data for table `product_galleries`
--

LOCK TABLES `product_galleries` WRITE;
/*!40000 ALTER TABLE `product_galleries` DISABLE KEYS */;
/*!40000 ALTER TABLE `product_galleries` ENABLE KEYS */;
UNLOCK TABLES;

--
-- Table structure for table `product_materials`
--

DROP TABLE IF EXISTS `product_materials`;
/*!40101 SET @saved_cs_client     = @@character_set_client */;
/*!50503 SET character_set_client = utf8mb4 */;
CREATE TABLE `product_materials` (
  `id` int(11) NOT NULL AUTO_INCREMENT,
  `id_product` int(11) DEFAULT NULL,
  `id_material` int(11) DEFAULT NULL,
  `img` varchar(255) DEFAULT NULL,
  `created_at` timestamp NULL DEFAULT current_timestamp(),
  `updated_at` timestamp NULL DEFAULT current_timestamp() ON UPDATE current_timestamp(),
  PRIMARY KEY (`id`),
  KEY `id_product` (`id_product`),
  KEY `id_material` (`id_material`),
  CONSTRAINT `product_materials_ibfk_1` FOREIGN KEY (`id_product`) REFERENCES `products` (`id`) ON DELETE CASCADE,
  CONSTRAINT `product_materials_ibfk_2` FOREIGN KEY (`id_material`) REFERENCES `material_values` (`id`) ON DELETE CASCADE
) ENGINE=InnoDB AUTO_INCREMENT=2 DEFAULT CHARSET=utf8mb4 COLLATE=utf8mb4_unicode_ci;
/*!40101 SET character_set_client = @saved_cs_client */;

--
-- Dumping data for table `product_materials`
--

LOCK TABLES `product_materials` WRITE;
/*!40000 ALTER TABLE `product_materials` DISABLE KEYS */;
INSERT INTO `product_materials` VALUES (1,1,1,NULL,'2024-12-26 22:06:44','2024-12-26 22:06:44');
/*!40000 ALTER TABLE `product_materials` ENABLE KEYS */;
UNLOCK TABLES;

--
-- Table structure for table `product_status`
--

DROP TABLE IF EXISTS `product_status`;
/*!40101 SET @saved_cs_client     = @@character_set_client */;
/*!50503 SET character_set_client = utf8mb4 */;
CREATE TABLE `product_status` (
  `id` int(11) NOT NULL AUTO_INCREMENT,
  `status_name` varchar(50) NOT NULL,
  PRIMARY KEY (`id`)
) ENGINE=InnoDB AUTO_INCREMENT=4 DEFAULT CHARSET=utf8mb4 COLLATE=utf8mb4_unicode_ci;
/*!40101 SET character_set_client = @saved_cs_client */;

--
-- Dumping data for table `product_status`
--

LOCK TABLES `product_status` WRITE;
/*!40000 ALTER TABLE `product_status` DISABLE KEYS */;
INSERT INTO `product_status` VALUES (1,'Pendiente'),(2,'Activo'),(3,'Inactivo');
/*!40000 ALTER TABLE `product_status` ENABLE KEYS */;
UNLOCK TABLES;

--
-- Table structure for table `products`
--

DROP TABLE IF EXISTS `products`;
/*!40101 SET @saved_cs_client     = @@character_set_client */;
/*!50503 SET character_set_client = utf8mb4 */;
CREATE TABLE `products` (
  `id` int(11) NOT NULL AUTO_INCREMENT,
  `name` varchar(255) NOT NULL,
  `sku` varchar(100) NOT NULL,
  `slug` varchar(255) NOT NULL,
  `description` text DEFAULT NULL,
  `description_bold` tinyint(1) DEFAULT 0,
  `description_italic` tinyint(1) DEFAULT 0,
  `description_underline` tinyint(1) DEFAULT 0,
  `status` int(11) NOT NULL,
  `main_img` varchar(255) DEFAULT NULL,
  `sub_img` varchar(255) DEFAULT NULL,
  `main_video` varchar(255) DEFAULT NULL,
  `file_data_sheet` varchar(255) DEFAULT NULL,
  `featured` tinyint(1) DEFAULT 0,
  `created_at` timestamp NULL DEFAULT current_timestamp(),
  `updated_at` timestamp NULL DEFAULT current_timestamp() ON UPDATE current_timestamp(),
  PRIMARY KEY (`id`)
) ENGINE=InnoDB AUTO_INCREMENT=2 DEFAULT CHARSET=utf8mb4 COLLATE=utf8mb4_unicode_ci;
/*!40101 SET character_set_client = @saved_cs_client */;

--
-- Dumping data for table `products`
--

LOCK TABLES `products` WRITE;
/*!40000 ALTER TABLE `products` DISABLE KEYS */;
INSERT INTO `products` VALUES (1,'Producto Ejemplo 5','PROD-005','producto-ejemplo-5','Descripción del producto ejemplo.',0,1,0,2,NULL,NULL,NULL,NULL,1,'2024-12-26 22:06:43','2024-12-26 22:06:43');
/*!40000 ALTER TABLE `products` ENABLE KEYS */;
UNLOCK TABLES;

--
-- Table structure for table `provinces`
--

DROP TABLE IF EXISTS `provinces`;
/*!40101 SET @saved_cs_client     = @@character_set_client */;
/*!50503 SET character_set_client = utf8mb4 */;
CREATE TABLE `provinces` (
  `id` int(11) NOT NULL AUTO_INCREMENT,
  `name` varchar(100) NOT NULL,
  `created_at` timestamp NULL DEFAULT current_timestamp(),
  `updated_at` timestamp NULL DEFAULT current_timestamp() ON UPDATE current_timestamp(),
  PRIMARY KEY (`id`)
) ENGINE=InnoDB AUTO_INCREMENT=26 DEFAULT CHARSET=utf8mb4 COLLATE=utf8mb4_general_ci;
/*!40101 SET character_set_client = @saved_cs_client */;

--
-- Dumping data for table `provinces`
--

LOCK TABLES `provinces` WRITE;
/*!40000 ALTER TABLE `provinces` DISABLE KEYS */;
INSERT INTO `provinces` VALUES (1,'Buenos Aires','2024-08-13 17:08:22','2024-08-13 17:08:22'),(2,'Buenos Aires-GBA','2024-08-13 17:08:22','2024-08-13 17:08:22'),(3,'Capital Federal','2024-08-13 17:08:22','2024-08-13 17:08:22'),(4,'Catamarca','2024-08-13 17:08:22','2024-08-13 17:08:22'),(5,'Chaco','2024-08-13 17:08:22','2024-08-13 17:08:22'),(6,'Chubut','2024-08-13 17:08:22','2024-08-13 17:08:22'),(7,'Córdoba','2024-08-13 17:08:22','2024-08-13 17:08:22'),(8,'Corrientes','2024-08-13 17:08:22','2024-08-13 17:08:22'),(9,'Entre Ríos','2024-08-13 17:08:22','2024-08-13 17:08:22'),(10,'Formosa','2024-08-13 17:08:22','2024-08-13 17:08:22'),(11,'Jujuy','2024-08-13 17:08:22','2024-08-13 17:08:22'),(12,'La Pampa','2024-08-13 17:08:22','2024-08-13 17:08:22'),(13,'La Rioja','2024-08-13 17:08:22','2024-08-13 17:08:22'),(14,'Mendoza','2024-08-13 17:08:22','2024-08-13 17:08:22'),(15,'Misiones','2024-08-13 17:08:22','2024-08-13 17:08:22'),(16,'Neuquén','2024-08-13 17:08:22','2024-08-13 17:08:22'),(17,'Río Negro','2024-08-13 17:08:22','2024-08-13 17:08:22'),(18,'Salta','2024-08-13 17:08:22','2024-08-13 17:08:22'),(19,'San Juan','2024-08-13 17:08:22','2024-08-13 17:08:22'),(20,'San Luis','2024-08-13 17:08:22','2024-08-13 17:08:22'),(21,'Santa Cruz','2024-08-13 17:08:22','2024-08-13 17:08:22'),(22,'Santa Fe','2024-08-13 17:08:22','2024-08-13 17:08:22'),(23,'Santiago del Estero','2024-08-13 17:08:22','2024-08-13 17:08:22'),(24,'Tierra del Fuego','2024-08-13 17:08:22','2024-08-13 17:08:22'),(25,'Tucumán','2024-08-13 17:08:22','2024-08-13 17:08:22');
/*!40000 ALTER TABLE `provinces` ENABLE KEYS */;
UNLOCK TABLES;

--
-- Table structure for table `status`
--

DROP TABLE IF EXISTS `status`;
/*!40101 SET @saved_cs_client     = @@character_set_client */;
/*!50503 SET character_set_client = utf8mb4 */;
CREATE TABLE `status` (
  `id` int(11) NOT NULL AUTO_INCREMENT,
  `status_name` varchar(50) NOT NULL,
  PRIMARY KEY (`id`)
) ENGINE=InnoDB AUTO_INCREMENT=4 DEFAULT CHARSET=utf8mb4 COLLATE=utf8mb4_unicode_ci;
/*!40101 SET character_set_client = @saved_cs_client */;

--
-- Dumping data for table `status`
--

LOCK TABLES `status` WRITE;
/*!40000 ALTER TABLE `status` DISABLE KEYS */;
INSERT INTO `status` VALUES (1,'Pendiente'),(2,'Activo'),(3,'Inactivo');
/*!40000 ALTER TABLE `status` ENABLE KEYS */;
UNLOCK TABLES;

--
-- Table structure for table `user_types`
--

DROP TABLE IF EXISTS `user_types`;
/*!40101 SET @saved_cs_client     = @@character_set_client */;
/*!50503 SET character_set_client = utf8mb4 */;
CREATE TABLE `user_types` (
  `id` bigint(20) unsigned NOT NULL AUTO_INCREMENT,
  `type` varchar(255) NOT NULL,
  `created_at` timestamp NULL DEFAULT NULL,
  `updated_at` timestamp NULL DEFAULT NULL,
  PRIMARY KEY (`id`),
  UNIQUE KEY `user_types_type_unique` (`type`)
) ENGINE=InnoDB AUTO_INCREMENT=2 DEFAULT CHARSET=utf8mb4 COLLATE=utf8mb4_unicode_ci;
/*!40101 SET character_set_client = @saved_cs_client */;

--
-- Dumping data for table `user_types`
--

LOCK TABLES `user_types` WRITE;
/*!40000 ALTER TABLE `user_types` DISABLE KEYS */;
INSERT INTO `user_types` VALUES (1,'administrador',NULL,NULL);
/*!40000 ALTER TABLE `user_types` ENABLE KEYS */;
UNLOCK TABLES;

--
-- Table structure for table `users`
--

DROP TABLE IF EXISTS `users`;
/*!40101 SET @saved_cs_client     = @@character_set_client */;
/*!50503 SET character_set_client = utf8mb4 */;
CREATE TABLE `users` (
  `id` bigint(20) unsigned NOT NULL AUTO_INCREMENT,
  `id_user_type` bigint(20) unsigned NOT NULL,
  `name` varchar(255) NOT NULL,
  `lastname` varchar(255) NOT NULL,
  `email` varchar(255) NOT NULL,
  `password` varchar(255) NOT NULL,
  `created_at` timestamp NULL DEFAULT NULL,
  `updated_at` timestamp NULL DEFAULT NULL,
  PRIMARY KEY (`id`),
  UNIQUE KEY `users_email_unique` (`email`),
  KEY `users_id_user_type_foreign` (`id_user_type`),
  CONSTRAINT `users_id_user_type_foreign` FOREIGN KEY (`id_user_type`) REFERENCES `user_types` (`id`)
) ENGINE=InnoDB AUTO_INCREMENT=2 DEFAULT CHARSET=utf8mb4 COLLATE=utf8mb4_unicode_ci;
/*!40101 SET character_set_client = @saved_cs_client */;

--
-- Dumping data for table `users`
--

LOCK TABLES `users` WRITE;
/*!40000 ALTER TABLE `users` DISABLE KEYS */;
INSERT INTO `users` VALUES (1,1,'Admin','Test','admin@test.com','$2y$12$9Yusbm68mAjQNkMyrhDfwusV8QWDOjwyvuv.YN6/1gEa/1PrCh3zq','2024-08-02 00:11:19','2025-01-15 20:26:48');
/*!40000 ALTER TABLE `users` ENABLE KEYS */;
UNLOCK TABLES;

--
-- Table structure for table `web_content_about`
--

DROP TABLE IF EXISTS `web_content_about`;
/*!40101 SET @saved_cs_client     = @@character_set_client */;
/*!50503 SET character_set_client = utf8mb4 */;
CREATE TABLE `web_content_about` (
  `id` bigint(20) unsigned NOT NULL AUTO_INCREMENT,
  `id_user` bigint(20) unsigned NOT NULL,
  `data` longtext CHARACTER SET utf8mb4 COLLATE utf8mb4_bin NOT NULL CHECK (json_valid(`data`)),
  `video_giro` varchar(255) DEFAULT NULL,
  `video_showroom` varchar(255) DEFAULT NULL,
  `created_at` timestamp NULL DEFAULT current_timestamp(),
  `updated_at` timestamp NULL DEFAULT current_timestamp() ON UPDATE current_timestamp(),
  PRIMARY KEY (`id`),
  KEY `fk_user_id_about` (`id_user`),
  CONSTRAINT `fk_user_id_about` FOREIGN KEY (`id_user`) REFERENCES `users` (`id`)
) ENGINE=InnoDB AUTO_INCREMENT=2 DEFAULT CHARSET=utf8mb4 COLLATE=utf8mb4_unicode_ci;
/*!40101 SET character_set_client = @saved_cs_client */;

--
-- Dumping data for table `web_content_about`
--

LOCK TABLES `web_content_about` WRITE;
/*!40000 ALTER TABLE `web_content_about` DISABLE KEYS */;
INSERT INTO `web_content_about` VALUES (1,1,'{\"name\":\"Sobre Nosotros\",\"date\":\"29\\/11\\/2024 - 08:39hs\",\"status\":{\"id\":2,\"status_name\":\"Activo\"},\"description\":{\"title\":\"M\\u00f3dulo 02 - Texto descriptivo\",\"text\":\"<p>Esto es una&nbsp;<strong>prueba<\\/strong> para pasarla por&nbsp;<span style=\\\"text-decoration: underline;\\\">props<\\/span> y hacer un&nbsp;<em>testeo<\\/em><\\/p>\",\"styles\":[]},\"gallery\":[{\"file\":\"storage\\/web_content_about\\/gallery\\/674a43522a666_1732920146.jpg\",\"id\":1,\"index\":0},{\"file\":\"storage\\/web_content_about\\/gallery\\/674a43524392a_1732920146.jpg\",\"id\":2,\"index\":1},{\"file\":\"storage\\/web_content_about\\/gallery\\/674a43525cd53_1732920146.png\",\"id\":3,\"index\":2},{\"file\":\"storage\\/web_content_about\\/gallery\\/674a4386c2733_1732920198.jpg\",\"id\":4,\"index\":3},{\"file\":\"storage\\/web_content_about\\/gallery\\/674a43f76b366_1732920311.png\",\"id\":5,\"index\":4},{\"file\":\"storage\\/web_content_about\\/gallery\\/674a43f783f8c_1732920311.png\",\"id\":6,\"index\":5}],\"hero\":\"https:\\/\\/www.youtube.com\\/watch?v=Y2tIFI9\",\"showroom\":\"https:\\/\\/www.youtube.com\\/watch?v=Y2tIFI\"}',NULL,NULL,'2024-11-29 22:42:26','2024-11-29 22:45:11');
/*!40000 ALTER TABLE `web_content_about` ENABLE KEYS */;
UNLOCK TABLES;

--
-- Table structure for table `web_content_home`
--

DROP TABLE IF EXISTS `web_content_home`;
/*!40101 SET @saved_cs_client     = @@character_set_client */;
/*!50503 SET character_set_client = utf8mb4 */;
CREATE TABLE `web_content_home` (
  `id` bigint(20) unsigned NOT NULL AUTO_INCREMENT,
  `id_user` bigint(20) unsigned NOT NULL,
  `data` longtext CHARACTER SET utf8mb4 COLLATE utf8mb4_bin NOT NULL CHECK (json_valid(`data`)),
  `created_at` timestamp NULL DEFAULT current_timestamp(),
  `updated_at` timestamp NULL DEFAULT current_timestamp() ON UPDATE current_timestamp(),
  PRIMARY KEY (`id`),
  KEY `fk_user_id_home` (`id_user`),
  CONSTRAINT `fk_user_id_home` FOREIGN KEY (`id_user`) REFERENCES `users` (`id`)
) ENGINE=InnoDB AUTO_INCREMENT=27 DEFAULT CHARSET=utf8mb4 COLLATE=utf8mb4_unicode_ci;
/*!40101 SET character_set_client = @saved_cs_client */;

--
-- Dumping data for table `web_content_home`
--

LOCK TABLES `web_content_home` WRITE;
/*!40000 ALTER TABLE `web_content_home` DISABLE KEYS */;
INSERT INTO `web_content_home` VALUES (1,1,'{\"name\":\"Home\",\"date\":\"26\\/11\\/2024 - 10:49hs\",\"status\":{\"id\":2,\"status_name\":\"Activo\"},\"files\":[{\"name\":\"imagen1\",\"file\":\"storage\\/web_content_home\\/676dd481c55f6_1735251073.jpg\"},{\"name\":\"video1\",\"file\":\"storage\\/web_content_home\\/676dd482ada2d_1735251074.mp4\"},{\"name\":\"imagen2\",\"file\":\"storage\\/web_content_home\\/676dd4823fa5d_1735251074.png\"},{\"name\":\"video2\",\"file\":\"storage\\/web_content_home\\/676dd48326bdd_1735251075.mp4\"}],\"carrusel\":[{\"id\":6,\"name\":\"Ejecutivas\",\"group\":\"OFICINA\"},{\"id\":15,\"name\":\"Mesas\",\"group\":\"DISE\\u00d1O\"},{\"id\":16,\"name\":\"Sillones\",\"group\":\"DISE\\u00d1O\"}],\"images\":[{\"img\":{\"name\":\"imagename.jpg\",\"url\":\"storage\\/web_content_home\\/676dd4834bc3a_1735251075.jpg\"},\"id\":1,\"hotspots\":[{\"product\":1,\"position\":{\"x\":52.67488,\"y\":43.92749}},{\"product\":1,\"position\":{\"x\":52.67488,\"y\":43.92749}}]}]}','2024-11-26 14:57:39','2024-12-26 22:11:15'),(2,1,'\"{\\\"name\\\":\\\"Home\\\",\\\"date\\\":\\\"26\\/11\\/2024 - 10:49hs\\\",\\\"status\\\":{\\\"id\\\":2,\\\"status_name\\\":\\\"Activo\\\"},\\\"files\\\":[{\\\"name\\\":\\\"Imagen 1\\\",\\\"file\\\":{}},{\\\"name\\\":\\\"Video 1\\\",\\\"file\\\":{}},{\\\"name\\\":\\\"Imagen 2\\\",\\\"file\\\":{}},{\\\"name\\\":\\\"Video 2\\\",\\\"file\\\":{}}],\\\"carrusel\\\":[{\\\"id\\\":6,\\\"name\\\":\\\"Ejecutivas\\\",\\\"group\\\":\\\"OFICINA\\\"},{\\\"id\\\":15,\\\"name\\\":\\\"Mesas\\\",\\\"group\\\":\\\"DISE\\u00d1O\\\"},{\\\"id\\\":16,\\\"name\\\":\\\"Sillones\\\",\\\"group\\\":\\\"DISE\\u00d1O\\\"}]}\"','2024-11-26 15:00:59','2024-11-26 15:00:59'),(3,1,'\"{\\\"name\\\":\\\"Home\\\",\\\"date\\\":\\\"26\\/11\\/2024 - 10:49hs\\\",\\\"status\\\":{\\\"id\\\":2,\\\"status_name\\\":\\\"Activo\\\"},\\\"files\\\":[{\\\"name\\\":\\\"Imagen 1\\\",\\\"file\\\":{}},{\\\"name\\\":\\\"Video 1\\\",\\\"file\\\":{}},{\\\"name\\\":\\\"Imagen 2\\\",\\\"file\\\":{}},{\\\"name\\\":\\\"Video 2\\\",\\\"file\\\":{}}],\\\"carrusel\\\":[{\\\"id\\\":6,\\\"name\\\":\\\"Ejecutivas\\\",\\\"group\\\":\\\"OFICINA\\\"},{\\\"id\\\":15,\\\"name\\\":\\\"Mesas\\\",\\\"group\\\":\\\"DISE\\u00d1O\\\"},{\\\"id\\\":16,\\\"name\\\":\\\"Sillones\\\",\\\"group\\\":\\\"DISE\\u00d1O\\\"}]}\"','2024-11-26 15:09:58','2024-11-26 15:09:58'),(4,1,'{\"name\":\"Home\",\"date\":\"26\\/11\\/2024 - 10:49hs\",\"status\":{\"id\":2,\"status_name\":\"Activo\"},\"files\":[{\"name\":\"Imagen 1\",\"file\":\"<archivo_imagen_1>\"},{\"name\":\"Video 1\",\"file\":\"<archivo_video_1>\"},{\"name\":\"Imagen 2\",\"file\":\"<archivo_imagen_2>\"},{\"name\":\"Video 2\",\"file\":\"<archivo_video_2>\"}],\"carrusel\":[{\"id\":6,\"name\":\"Ejecutivas\",\"group\":\"OFICINA\"},{\"id\":15,\"name\":\"Mesas\",\"group\":\"DISE\\u00d1O\"},{\"id\":16,\"name\":\"Sillones\",\"group\":\"DISE\\u00d1O\"}]}','2024-11-26 15:16:45','2024-11-26 15:16:45'),(5,1,'{\"name\":\"Home\",\"status\":{\"id\":2,\"status_name\":\"Activo\"},\"files\":[{\"name\":\"imagen1\",\"file\":[]},{\"name\":\"video1\",\"file\":[]},{\"name\":\"imagen2\",\"file\":[]},{\"name\":\"video2\",\"file\":[]}],\"carrusel\":[{\"id\":6,\"name\":\"Ejecutivas\",\"group\":\"OFICINA\"},{\"id\":15,\"name\":\"Mesas\",\"group\":\"DISE\\u00d1O\"},{\"id\":16,\"name\":\"Sillones\",\"group\":\"DISE\\u00d1O\"}]}','2024-11-26 15:20:46','2024-11-26 15:20:46'),(6,1,'{\"name\":\"Home\",\"status\":{\"id\":2,\"status_name\":\"Activo\"},\"files\":[{\"name\":\"imagen1\",\"file\":[]},{\"name\":\"video1\",\"file\":[]},{\"name\":\"imagen2\",\"file\":[]},{\"name\":\"video2\",\"file\":[]}],\"carrusel\":[{\"id\":6,\"name\":\"Ejecutivas\",\"group\":\"OFICINA\"},{\"id\":15,\"name\":\"Mesas\",\"group\":\"DISE\\u00d1O\"},{\"id\":16,\"name\":\"Sillones\",\"group\":\"DISE\\u00d1O\"}]}','2024-11-26 15:22:15','2024-11-26 15:22:15'),(7,1,'{\"name\":\"Home\",\"status\":{\"id\":2,\"status_name\":\"Activo\"},\"files\":[{\"name\":\"imagen1\",\"file\":[]},{\"name\":\"video1\",\"file\":[]},{\"name\":\"imagen2\",\"file\":[]},{\"name\":\"video2\",\"file\":[]}],\"carrusel\":[{\"id\":6,\"name\":\"Ejecutivas\",\"group\":\"OFICINA\"},{\"id\":15,\"name\":\"Mesas\",\"group\":\"DISE\\u00d1O\"},{\"id\":16,\"name\":\"Sillones\",\"group\":\"DISE\\u00d1O\"}]}','2024-11-26 15:23:51','2024-11-26 15:23:51'),(8,1,'{\"name\":\"Home\",\"status\":{\"id\":2,\"status_name\":\"Activo\"},\"files\":[{\"name\":\"imagen1\",\"file\":\"http:\\/\\/127.0.0.1:8000\\/storage\\/web_content_home\\/6745e8fbe47b8_1732634875.jpg\"},{\"name\":\"video1\",\"file\":\"http:\\/\\/127.0.0.1:8000\\/storage\\/web_content_home\\/6745e8fc31843_1732634876.mp4\"},{\"name\":\"imagen2\",\"file\":\"http:\\/\\/127.0.0.1:8000\\/storage\\/web_content_home\\/6745e8fc16b0c_1732634876.jpg\"},{\"name\":\"video2\",\"file\":\"http:\\/\\/127.0.0.1:8000\\/storage\\/web_content_home\\/6745e8fc4cd74_1732634876.mp4\"}],\"carrusel\":[{\"id\":6,\"name\":\"Ejecutivas\",\"group\":\"OFICINA\"},{\"id\":15,\"name\":\"Mesas\",\"group\":\"DISE\\u00d1O\"},{\"id\":16,\"name\":\"Sillones\",\"group\":\"DISE\\u00d1O\"}]}','2024-11-26 15:27:55','2024-11-26 15:27:56'),(9,1,'{\"name\":\"Home\",\"status\":{\"id\":2,\"status_name\":\"Activo\"},\"files\":[{\"name\":\"imagen1\",\"file\":[]},{\"name\":\"video1\",\"file\":[]},{\"name\":\"imagen2\",\"file\":[]},{\"name\":\"video2\",\"file\":[]}],\"carrusel\":[{\"id\":6,\"name\":\"Ejecutivas\",\"group\":\"OFICINA\"},{\"id\":15,\"name\":\"Mesas\",\"group\":\"DISE\\u00d1O\"},{\"id\":16,\"name\":\"Sillones\",\"group\":\"DISE\\u00d1O\"}]}','2024-11-26 15:29:31','2024-11-26 15:29:31'),(10,1,'{\"name\":\"Home\",\"status\":{\"id\":2,\"status_name\":\"Activo\"},\"files\":[{\"name\":\"imagen1\",\"file\":\"http:\\/\\/127.0.0.1:8000\\/storage\\/web_content_home\\/6745e96c559af_1732634988.jpg\"},{\"name\":\"video1\",\"file\":\"http:\\/\\/127.0.0.1:8000\\/storage\\/web_content_home\\/6745e96c8c524_1732634988.mp4\"},{\"name\":\"imagen2\",\"file\":\"http:\\/\\/127.0.0.1:8000\\/storage\\/web_content_home\\/6745e96c711da_1732634988.jpg\"},{\"name\":\"video2\",\"file\":\"http:\\/\\/127.0.0.1:8000\\/storage\\/web_content_home\\/6745e96ca663b_1732634988.mp4\"}],\"carrusel\":[{\"id\":6,\"name\":\"Ejecutivas\",\"group\":\"OFICINA\"},{\"id\":15,\"name\":\"Mesas\",\"group\":\"DISE\\u00d1O\"},{\"id\":16,\"name\":\"Sillones\",\"group\":\"DISE\\u00d1O\"}]}','2024-11-26 15:29:48','2024-11-26 15:29:48'),(11,1,'{\"name\":\"Home\",\"status\":{\"id\":2,\"status_name\":\"Activo\"},\"files\":[{\"name\":\"imagen1\",\"file\":\"storage\\/web_content_home\\/6745e99205f93_1732635026.jpg\"},{\"name\":\"video1\",\"file\":\"storage\\/web_content_home\\/6745e9923ad2b_1732635026.mp4\"},{\"name\":\"imagen2\",\"file\":\"storage\\/web_content_home\\/6745e99221514_1732635026.jpg\"},{\"name\":\"video2\",\"file\":\"storage\\/web_content_home\\/6745e99270765_1732635026.mp4\"}],\"carrusel\":[{\"id\":6,\"name\":\"Ejecutivas\",\"group\":\"OFICINA\"},{\"id\":15,\"name\":\"Mesas\",\"group\":\"DISE\\u00d1O\"},{\"id\":16,\"name\":\"Sillones\",\"group\":\"DISE\\u00d1O\"}]}','2024-11-26 15:30:25','2024-11-26 15:30:26'),(12,1,'{\"name\":\"Home\",\"date\":\"26\\/11\\/2024 - 10:49hs\",\"status\":{\"id\":2,\"status_name\":\"Activo\"},\"files\":[{\"name\":\"imagen1\",\"file\":\"storage\\/web_content_home\\/6745ea65e48ad_1732635237.jpg\"},{\"name\":\"video1\",\"file\":\"storage\\/web_content_home\\/6745ea6629275_1732635238.mp4\"},{\"name\":\"imagen2\",\"file\":\"storage\\/web_content_home\\/67464f75d591b_1732661109.jpg\"},{\"name\":\"video2\",\"file\":\"storage\\/web_content_home\\/6745ea6643bc1_1732635238.mp4\"}],\"carrusel\":[{\"id\":6,\"name\":\"Ejecutivas\",\"group\":\"OFICINA\"},{\"id\":15,\"name\":\"Mesas\",\"group\":\"DISE\\u00d1O\"},{\"id\":16,\"name\":\"Sillones\",\"group\":\"DISE\\u00d1O\"}]}','2024-11-26 15:33:57','2024-11-26 22:45:10'),(13,1,'{\"name\":\"Home\",\"date\":\"26\\/11\\/2024 - 10:49hs\",\"status\":{\"id\":2,\"status_name\":\"Activo\"},\"files\":[{\"name\":\"imagen1\",\"file\":\"storage\\/web_content_home\\/676dc94c39a75_1735248204.jpg\"},{\"name\":\"video1\",\"file\":\"storage\\/web_content_home\\/676dc94c8b737_1735248204.mp4\"},{\"name\":\"imagen2\",\"file\":\"storage\\/web_content_home\\/676dc94c67378_1735248204.png\"},{\"name\":\"video2\",\"file\":\"storage\\/web_content_home\\/676dc94cb18cc_1735248204.mp4\"}],\"carrusel\":[{\"id\":6,\"name\":\"Ejecutivas\",\"group\":\"OFICINA\"},{\"id\":15,\"name\":\"Mesas\",\"group\":\"DISE\\u00d1O\"},{\"id\":16,\"name\":\"Sillones\",\"group\":\"DISE\\u00d1O\"}],\"images\":[{\"img\":{\"name\":\"imagename.jpg\",\"url\":null},\"id\":1,\"hotspots\":[{\"product\":25,\"position\":{\"x\":52.67488,\"y\":43.92749}},{\"product\":12,\"position\":{\"x\":52.67488,\"y\":43.92749}}]}]}','2024-12-26 21:23:24','2024-12-26 21:23:24'),(14,1,'{\"name\":\"Home\",\"date\":\"26\\/11\\/2024 - 10:49hs\",\"status\":{\"id\":2,\"status_name\":\"Activo\"},\"files\":[{\"name\":\"imagen1\",\"file\":\"storage\\/web_content_home\\/676dc97b55a96_1735248251.jpg\"},{\"name\":\"video1\",\"file\":\"storage\\/web_content_home\\/676dc97b9bc58_1735248251.mp4\"},{\"name\":\"imagen2\",\"file\":\"storage\\/web_content_home\\/676dc97b793e8_1735248251.png\"},{\"name\":\"video2\",\"file\":\"storage\\/web_content_home\\/676dc97bc0063_1735248251.mp4\"}],\"carrusel\":[{\"id\":6,\"name\":\"Ejecutivas\",\"group\":\"OFICINA\"},{\"id\":15,\"name\":\"Mesas\",\"group\":\"DISE\\u00d1O\"},{\"id\":16,\"name\":\"Sillones\",\"group\":\"DISE\\u00d1O\"}],\"images\":[{\"img\":{\"name\":\"imagename.jpg\",\"url\":null},\"id\":1,\"hotspots\":[{\"product\":25,\"position\":{\"x\":52.67488,\"y\":43.92749}},{\"product\":12,\"position\":{\"x\":52.67488,\"y\":43.92749}}]}]}','2024-12-26 21:24:11','2024-12-26 21:24:11'),(15,1,'{\"name\":\"Home\",\"date\":\"26\\/11\\/2024 - 10:49hs\",\"status\":{\"id\":2,\"status_name\":\"Activo\"},\"files\":[{\"name\":\"imagen1\",\"file\":\"storage\\/web_content_home\\/676dca0f7bc8b_1735248399.jpg\"},{\"name\":\"video1\",\"file\":\"storage\\/web_content_home\\/676dca0fc6868_1735248399.mp4\"},{\"name\":\"imagen2\",\"file\":\"storage\\/web_content_home\\/676dca0fa1e18_1735248399.png\"},{\"name\":\"video2\",\"file\":\"storage\\/web_content_home\\/676dca0fec03e_1735248399.mp4\"}],\"carrusel\":[{\"id\":6,\"name\":\"Ejecutivas\",\"group\":\"OFICINA\"},{\"id\":15,\"name\":\"Mesas\",\"group\":\"DISE\\u00d1O\"},{\"id\":16,\"name\":\"Sillones\",\"group\":\"DISE\\u00d1O\"}],\"images\":[{\"img\":{\"name\":\"imagename.jpg\",\"url\":null},\"id\":1,\"hotspots\":[{\"product\":25,\"position\":{\"x\":52.67488,\"y\":43.92749}},{\"product\":12,\"position\":{\"x\":52.67488,\"y\":43.92749}}]}]}','2024-12-26 21:26:39','2024-12-26 21:26:40'),(16,1,'{\"name\":\"Home\",\"date\":\"26\\/11\\/2024 - 10:49hs\",\"status\":{\"id\":2,\"status_name\":\"Activo\"},\"files\":[{\"name\":\"imagen1\",\"file\":\"storage\\/web_content_home\\/676dca8259598_1735248514.jpg\"},{\"name\":\"video1\",\"file\":\"storage\\/web_content_home\\/676dca82a0cce_1735248514.mp4\"},{\"name\":\"imagen2\",\"file\":\"storage\\/web_content_home\\/676dca827cf1b_1735248514.png\"},{\"name\":\"video2\",\"file\":\"storage\\/web_content_home\\/676dca82c4aa4_1735248514.mp4\"}],\"carrusel\":[{\"id\":6,\"name\":\"Ejecutivas\",\"group\":\"OFICINA\"},{\"id\":15,\"name\":\"Mesas\",\"group\":\"DISE\\u00d1O\"},{\"id\":16,\"name\":\"Sillones\",\"group\":\"DISE\\u00d1O\"}],\"images\":[{\"img\":{\"name\":\"imagename.jpg\",\"url\":null},\"id\":1,\"hotspots\":[{\"product\":25,\"position\":{\"x\":52.67488,\"y\":43.92749}},{\"product\":12,\"position\":{\"x\":52.67488,\"y\":43.92749}}]}]}','2024-12-26 21:28:34','2024-12-26 21:28:35'),(17,1,'{\"name\":\"Home\",\"date\":\"26\\/11\\/2024 - 10:49hs\",\"status\":{\"id\":2,\"status_name\":\"Activo\"},\"files\":[{\"name\":\"imagen1\",\"file\":\"storage\\/web_content_home\\/676dcae8a57a0_1735248616.jpg\"},{\"name\":\"video1\",\"file\":\"storage\\/web_content_home\\/676dcae8efbf5_1735248616.mp4\"},{\"name\":\"imagen2\",\"file\":\"storage\\/web_content_home\\/676dcae8cb239_1735248616.png\"},{\"name\":\"video2\",\"file\":\"storage\\/web_content_home\\/676dcae91f7d8_1735248617.mp4\"}],\"carrusel\":[{\"id\":6,\"name\":\"Ejecutivas\",\"group\":\"OFICINA\"},{\"id\":15,\"name\":\"Mesas\",\"group\":\"DISE\\u00d1O\"},{\"id\":16,\"name\":\"Sillones\",\"group\":\"DISE\\u00d1O\"}],\"images\":[{\"img\":{\"name\":\"imagename.jpg\",\"url\":null},\"id\":1,\"hotspots\":[{\"product\":25,\"position\":{\"x\":52.67488,\"y\":43.92749}},{\"product\":12,\"position\":{\"x\":52.67488,\"y\":43.92749}}]}]}','2024-12-26 21:30:16','2024-12-26 21:30:17'),(18,1,'{\"name\":\"Home\",\"date\":\"26\\/11\\/2024 - 10:49hs\",\"status\":{\"id\":2,\"status_name\":\"Activo\"},\"files\":[{\"name\":\"imagen1\",\"file\":[]},{\"name\":\"video1\",\"file\":[]},{\"name\":\"imagen2\",\"file\":[]},{\"name\":\"video2\",\"file\":[]}],\"carrusel\":[{\"id\":6,\"name\":\"Ejecutivas\",\"group\":\"OFICINA\"},{\"id\":15,\"name\":\"Mesas\",\"group\":\"DISE\\u00d1O\"},{\"id\":16,\"name\":\"Sillones\",\"group\":\"DISE\\u00d1O\"}],\"images\":[{\"img\":{\"name\":\"imagename.jpg\",\"url\":null},\"id\":1,\"hotspots\":[{\"product\":25,\"position\":{\"x\":52.67488,\"y\":43.92749}},{\"product\":12,\"position\":{\"x\":52.67488,\"y\":43.92749}}]}]}','2024-12-26 21:31:08','2024-12-26 21:31:08'),(19,1,'{\"name\":\"Home\",\"date\":\"26\\/11\\/2024 - 10:49hs\",\"status\":{\"id\":2,\"status_name\":\"Activo\"},\"files\":[{\"name\":\"imagen1\",\"file\":\"storage\\/web_content_home\\/676dcb2d90797_1735248685.jpg\"},{\"name\":\"video1\",\"file\":\"storage\\/web_content_home\\/676dcb2dd7f9a_1735248685.mp4\"},{\"name\":\"imagen2\",\"file\":\"storage\\/web_content_home\\/676dcb2db4825_1735248685.png\"},{\"name\":\"video2\",\"file\":\"storage\\/web_content_home\\/676dcb2e0755e_1735248686.mp4\"}],\"carrusel\":[{\"id\":6,\"name\":\"Ejecutivas\",\"group\":\"OFICINA\"},{\"id\":15,\"name\":\"Mesas\",\"group\":\"DISE\\u00d1O\"},{\"id\":16,\"name\":\"Sillones\",\"group\":\"DISE\\u00d1O\"}],\"images\":[{\"img\":{\"name\":\"imagename.jpg\",\"url\":null},\"id\":1,\"hotspots\":[{\"product\":25,\"position\":{\"x\":52.67488,\"y\":43.92749}},{\"product\":12,\"position\":{\"x\":52.67488,\"y\":43.92749}}]}]}','2024-12-26 21:31:25','2024-12-26 21:31:26'),(20,1,'{\"name\":\"Home\",\"date\":\"26\\/11\\/2024 - 10:49hs\",\"status\":{\"id\":2,\"status_name\":\"Activo\"},\"files\":[{\"name\":\"imagen1\",\"file\":[]},{\"name\":\"video1\",\"file\":[]},{\"name\":\"imagen2\",\"file\":[]},{\"name\":\"video2\",\"file\":[]}],\"carrusel\":[{\"id\":6,\"name\":\"Ejecutivas\",\"group\":\"OFICINA\"},{\"id\":15,\"name\":\"Mesas\",\"group\":\"DISE\\u00d1O\"},{\"id\":16,\"name\":\"Sillones\",\"group\":\"DISE\\u00d1O\"}],\"images\":[{\"img\":{\"name\":\"imagename.jpg\",\"url\":null},\"id\":1,\"hotspots\":[{\"product\":25,\"position\":{\"x\":52.67488,\"y\":43.92749}},{\"product\":12,\"position\":{\"x\":52.67488,\"y\":43.92749}}]}]}','2024-12-26 21:32:47','2024-12-26 21:32:47'),(21,1,'{\"name\":\"Home\",\"date\":\"26\\/11\\/2024 - 10:49hs\",\"status\":{\"id\":2,\"status_name\":\"Activo\"},\"files\":[{\"name\":\"imagen1\",\"file\":[]},{\"name\":\"video1\",\"file\":[]},{\"name\":\"imagen2\",\"file\":[]},{\"name\":\"video2\",\"file\":[]}],\"carrusel\":[{\"id\":6,\"name\":\"Ejecutivas\",\"group\":\"OFICINA\"},{\"id\":15,\"name\":\"Mesas\",\"group\":\"DISE\\u00d1O\"},{\"id\":16,\"name\":\"Sillones\",\"group\":\"DISE\\u00d1O\"}],\"images\":[{\"img\":{\"name\":\"imagename.jpg\",\"url\":null},\"id\":1,\"hotspots\":[{\"product\":25,\"position\":{\"x\":52.67488,\"y\":43.92749}},{\"product\":12,\"position\":{\"x\":52.67488,\"y\":43.92749}}]}]}','2024-12-26 21:34:20','2024-12-26 21:34:20'),(22,1,'{\"name\":\"Home\",\"date\":\"26\\/11\\/2024 - 10:49hs\",\"status\":{\"id\":2,\"status_name\":\"Activo\"},\"files\":[{\"name\":\"imagen1\",\"file\":[]},{\"name\":\"video1\",\"file\":[]},{\"name\":\"imagen2\",\"file\":[]},{\"name\":\"video2\",\"file\":[]}],\"carrusel\":[{\"id\":6,\"name\":\"Ejecutivas\",\"group\":\"OFICINA\"},{\"id\":15,\"name\":\"Mesas\",\"group\":\"DISE\\u00d1O\"},{\"id\":16,\"name\":\"Sillones\",\"group\":\"DISE\\u00d1O\"}],\"images\":[{\"img\":{\"name\":\"imagename.jpg\",\"url\":null},\"id\":1,\"hotspots\":[{\"product\":25,\"position\":{\"x\":52.67488,\"y\":43.92749}},{\"product\":12,\"position\":{\"x\":52.67488,\"y\":43.92749}}]}]}','2024-12-26 21:36:57','2024-12-26 21:36:57'),(23,1,'{\"name\":\"Home\",\"date\":\"26\\/11\\/2024 - 10:49hs\",\"status\":{\"id\":2,\"status_name\":\"Activo\"},\"files\":[{\"name\":\"imagen1\",\"file\":[]},{\"name\":\"video1\",\"file\":[]},{\"name\":\"imagen2\",\"file\":[]},{\"name\":\"video2\",\"file\":[]}],\"carrusel\":[{\"id\":6,\"name\":\"Ejecutivas\",\"group\":\"OFICINA\"},{\"id\":15,\"name\":\"Mesas\",\"group\":\"DISE\\u00d1O\"},{\"id\":16,\"name\":\"Sillones\",\"group\":\"DISE\\u00d1O\"}],\"images\":[{\"img\":{\"name\":\"imagename.jpg\",\"url\":null},\"id\":1,\"hotspots\":[{\"product\":25,\"position\":{\"x\":52.67488,\"y\":43.92749}},{\"product\":12,\"position\":{\"x\":52.67488,\"y\":43.92749}}]}]}','2024-12-26 21:38:25','2024-12-26 21:38:25'),(24,1,'{\"name\":\"Home\",\"date\":\"26\\/11\\/2024 - 10:49hs\",\"status\":{\"id\":2,\"status_name\":\"Activo\"},\"files\":[{\"name\":\"imagen1\",\"file\":\"storage\\/web_content_home\\/676dcd4c4585f_1735249228.jpg\"},{\"name\":\"video1\",\"file\":\"storage\\/web_content_home\\/676dcd4c8ffb7_1735249228.mp4\"},{\"name\":\"imagen2\",\"file\":\"storage\\/web_content_home\\/676dcd4c699a2_1735249228.png\"},{\"name\":\"video2\",\"file\":\"storage\\/web_content_home\\/676dcd4cb3ab3_1735249228.mp4\"}],\"carrusel\":[{\"id\":6,\"name\":\"Ejecutivas\",\"group\":\"OFICINA\"},{\"id\":15,\"name\":\"Mesas\",\"group\":\"DISE\\u00d1O\"},{\"id\":16,\"name\":\"Sillones\",\"group\":\"DISE\\u00d1O\"}],\"images\":[{\"img\":{\"name\":\"imagename.jpg\",\"url\":\"storage\\/web_content_home\\/676dcd4cdac31_1735249228.png\"},\"id\":1,\"hotspots\":[{\"product\":25,\"position\":{\"x\":52.67488,\"y\":43.92749}},{\"product\":12,\"position\":{\"x\":52.67488,\"y\":43.92749}}]}]}','2024-12-26 21:40:28','2024-12-26 21:40:28'),(25,1,'{\"name\":\"Home\",\"date\":\"26\\/11\\/2024 - 10:49hs\",\"status\":{\"id\":2,\"status_name\":\"Activo\"},\"files\":[{\"name\":\"imagen1\",\"file\":\"storage\\/web_content_home\\/676dcf826e69e_1735249794.jpg\"},{\"name\":\"video1\",\"file\":\"storage\\/web_content_home\\/676dcf834d155_1735249795.mp4\"},{\"name\":\"imagen2\",\"file\":\"storage\\/web_content_home\\/676dcf82d75a0_1735249794.png\"},{\"name\":\"video2\",\"file\":\"storage\\/web_content_home\\/676dcf83b399a_1735249795.mp4\"}],\"carrusel\":[{\"id\":6,\"name\":\"Ejecutivas\",\"group\":\"OFICINA\"},{\"id\":15,\"name\":\"Mesas\",\"group\":\"DISE\\u00d1O\"},{\"id\":16,\"name\":\"Sillones\",\"group\":\"DISE\\u00d1O\"}],\"images\":[{\"img\":{\"name\":\"imagename.jpg\",\"url\":\"storage\\/web_content_home\\/676dcf83d7bae_1735249795.jpg\"},\"id\":1,\"hotspots\":[{\"product\":25,\"position\":{\"x\":52.67488,\"y\":43.92749}},{\"product\":12,\"position\":{\"x\":52.67488,\"y\":43.92749}}]}]}','2024-12-26 21:47:30','2024-12-26 21:49:55'),(26,1,'{\"name\":\"Home\",\"date\":\"26\\/11\\/2024 - 10:49hs\",\"status\":{\"id\":2,\"status_name\":\"Activo\"},\"files\":[{\"name\":\"imagen1\",\"file\":\"storage\\/web_content_home\\/676dd46b0794c_1735251051.jpg\"},{\"name\":\"video1\",\"file\":\"storage\\/web_content_home\\/676dd46b52cb6_1735251051.mp4\"},{\"name\":\"imagen2\",\"file\":\"storage\\/web_content_home\\/676dd46b29c13_1735251051.png\"},{\"name\":\"video2\",\"file\":\"storage\\/web_content_home\\/676dd46b75276_1735251051.mp4\"}],\"carrusel\":[{\"id\":6,\"name\":\"Ejecutivas\",\"group\":\"OFICINA\"},{\"id\":15,\"name\":\"Mesas\",\"group\":\"DISE\\u00d1O\"},{\"id\":16,\"name\":\"Sillones\",\"group\":\"DISE\\u00d1O\"}],\"images\":[{\"img\":{\"name\":\"imagename.jpg\",\"url\":\"storage\\/web_content_home\\/676dd46b9aa40_1735251051.jpg\"},\"id\":1,\"hotspots\":[{\"product\":1,\"position\":{\"x\":52.67488,\"y\":43.92749}},{\"product\":1,\"position\":{\"x\":52.67488,\"y\":43.92749}}]}]}','2024-12-26 22:10:50','2024-12-26 22:10:51');
/*!40000 ALTER TABLE `web_content_home` ENABLE KEYS */;
UNLOCK TABLES;

--
-- Table structure for table `web_content_home_files`
--

DROP TABLE IF EXISTS `web_content_home_files`;
/*!40101 SET @saved_cs_client     = @@character_set_client */;
/*!50503 SET character_set_client = utf8mb4 */;
CREATE TABLE `web_content_home_files` (
  `id` bigint(20) unsigned NOT NULL AUTO_INCREMENT,
  `id_web_content_home` bigint(20) unsigned NOT NULL,
  `name` varchar(255) NOT NULL,
  `type` enum('image','video') NOT NULL,
  `path` varchar(255) NOT NULL,
  `created_at` timestamp NULL DEFAULT current_timestamp(),
  `updated_at` timestamp NULL DEFAULT current_timestamp() ON UPDATE current_timestamp(),
  PRIMARY KEY (`id`),
  KEY `fk_web_content_home` (`id_web_content_home`),
  CONSTRAINT `fk_web_content_home` FOREIGN KEY (`id_web_content_home`) REFERENCES `web_content_home` (`id`) ON DELETE CASCADE
) ENGINE=InnoDB AUTO_INCREMENT=121 DEFAULT CHARSET=utf8mb4 COLLATE=utf8mb4_unicode_ci;
/*!40101 SET character_set_client = @saved_cs_client */;

--
-- Dumping data for table `web_content_home_files`
--

LOCK TABLES `web_content_home_files` WRITE;
/*!40000 ALTER TABLE `web_content_home_files` DISABLE KEYS */;
INSERT INTO `web_content_home_files` VALUES (2,2,'imagen1','image','storage/web_content_home/6745e2ab19551_1732633259.jpg','2024-11-26 15:00:59','2024-11-26 15:00:59'),(3,3,'imagen1','image','storage/web_content_home/6745e4c62e107_1732633798.jpg','2024-11-26 15:09:58','2024-11-26 15:09:58'),(4,4,'imagen1','image','web_content_home/6745e65d9c344_1732634205.jpg','2024-11-26 15:16:46','2024-11-26 15:16:46'),(5,4,'imagen2','image','web_content_home/6745e65e68eb5_1732634206.jpg','2024-11-26 15:16:46','2024-11-26 15:16:46'),(6,4,'video1','video','web_content_home/6745e65e828c0_1732634206.mp4','2024-11-26 15:16:46','2024-11-26 15:16:46'),(7,4,'video2','video','web_content_home/6745e65e9dcc6_1732634206.mp4','2024-11-26 15:16:46','2024-11-26 15:16:46'),(8,5,'imagen1','image','web_content_home/6745e74ec0356_1732634446.jpg','2024-11-26 15:20:46','2024-11-26 15:20:46'),(9,5,'imagen2','image','web_content_home/6745e74ee1e18_1732634446.jpg','2024-11-26 15:20:46','2024-11-26 15:20:46'),(10,5,'video1','video','web_content_home/6745e74f093bd_1732634447.mp4','2024-11-26 15:20:47','2024-11-26 15:20:47'),(11,5,'video2','video','web_content_home/6745e74f25b71_1732634447.mp4','2024-11-26 15:20:47','2024-11-26 15:20:47'),(12,6,'imagen1','image','web_content_home/6745e7a7dcd4c_1732634535.jpg','2024-11-26 15:22:15','2024-11-26 15:22:15'),(13,6,'imagen2','image','web_content_home/6745e7a80806a_1732634536.jpg','2024-11-26 15:22:16','2024-11-26 15:22:16'),(14,6,'video1','video','web_content_home/6745e7a821d38_1732634536.mp4','2024-11-26 15:22:16','2024-11-26 15:22:16'),(15,6,'video2','video','web_content_home/6745e7a83a72b_1732634536.mp4','2024-11-26 15:22:16','2024-11-26 15:22:16'),(16,7,'imagen1','image','web_content_home/6745e807d59b6_1732634631.jpg','2024-11-26 15:23:51','2024-11-26 15:23:51'),(17,7,'imagen2','image','web_content_home/6745e80803623_1732634632.jpg','2024-11-26 15:23:52','2024-11-26 15:23:52'),(18,7,'video1','video','web_content_home/6745e8081dfd7_1732634632.mp4','2024-11-26 15:23:52','2024-11-26 15:23:52'),(19,7,'video2','video','web_content_home/6745e80838ede_1732634632.mp4','2024-11-26 15:23:52','2024-11-26 15:23:52'),(20,8,'imagen1','image','web_content_home/6745e8fbe47b8_1732634875.jpg','2024-11-26 15:27:55','2024-11-26 15:27:55'),(21,8,'imagen2','image','web_content_home/6745e8fc16b0c_1732634876.jpg','2024-11-26 15:27:56','2024-11-26 15:27:56'),(22,8,'video1','video','web_content_home/6745e8fc31843_1732634876.mp4','2024-11-26 15:27:56','2024-11-26 15:27:56'),(23,8,'video2','video','web_content_home/6745e8fc4cd74_1732634876.mp4','2024-11-26 15:27:56','2024-11-26 15:27:56'),(24,9,'imagen1','image','storage/web_content_home/6745e95b2c97f_1732634971.jpg','2024-11-26 15:29:31','2024-11-26 15:29:31'),(25,9,'imagen2','image','storage/web_content_home/6745e95b494c6_1732634971.jpg','2024-11-26 15:29:31','2024-11-26 15:29:31'),(26,9,'video1','video','storage/web_content_home/6745e95b64bc0_1732634971.mp4','2024-11-26 15:29:31','2024-11-26 15:29:31'),(27,9,'video2','video','storage/web_content_home/6745e95b80f64_1732634971.mp4','2024-11-26 15:29:31','2024-11-26 15:29:31'),(28,10,'imagen1','image','storage/web_content_home/6745e96c559af_1732634988.jpg','2024-11-26 15:29:48','2024-11-26 15:29:48'),(29,10,'imagen2','image','storage/web_content_home/6745e96c711da_1732634988.jpg','2024-11-26 15:29:48','2024-11-26 15:29:48'),(30,10,'video1','video','storage/web_content_home/6745e96c8c524_1732634988.mp4','2024-11-26 15:29:48','2024-11-26 15:29:48'),(31,10,'video2','video','storage/web_content_home/6745e96ca663b_1732634988.mp4','2024-11-26 15:29:48','2024-11-26 15:29:48'),(32,11,'imagen1','image','storage/web_content_home/6745e99205f93_1732635026.jpg','2024-11-26 15:30:26','2024-11-26 15:30:26'),(33,11,'imagen2','image','storage/web_content_home/6745e99221514_1732635026.jpg','2024-11-26 15:30:26','2024-11-26 15:30:26'),(34,11,'video1','video','storage/web_content_home/6745e9923ad2b_1732635026.mp4','2024-11-26 15:30:26','2024-11-26 15:30:26'),(35,11,'video2','video','storage/web_content_home/6745e99270765_1732635026.mp4','2024-11-26 15:30:26','2024-11-26 15:30:26'),(36,12,'imagen1','image','storage/web_content_home/6745ea65e48ad_1732635237.jpg','2024-11-26 15:33:57','2024-11-26 15:33:57'),(38,12,'video1','video','storage/web_content_home/6745ea6629275_1732635238.mp4','2024-11-26 15:33:58','2024-11-26 15:33:58'),(39,12,'video2','video','storage/web_content_home/6745ea6643bc1_1732635238.mp4','2024-11-26 15:33:58','2024-11-26 15:33:58'),(40,12,'imagen2','image','storage/web_content_home/67464f75d591b_1732661109.jpg','2024-11-26 22:45:09','2024-11-26 22:45:09'),(41,13,'imagen1','image','storage/web_content_home/676dc94c39a75_1735248204.jpg','2024-12-26 21:23:24','2024-12-26 21:23:24'),(42,13,'imagen2','image','storage/web_content_home/676dc94c67378_1735248204.png','2024-12-26 21:23:24','2024-12-26 21:23:24'),(43,13,'video1','video','storage/web_content_home/676dc94c8b737_1735248204.mp4','2024-12-26 21:23:24','2024-12-26 21:23:24'),(44,13,'video2','video','storage/web_content_home/676dc94cb18cc_1735248204.mp4','2024-12-26 21:23:24','2024-12-26 21:23:24'),(45,14,'imagen1','image','storage/web_content_home/676dc97b55a96_1735248251.jpg','2024-12-26 21:24:11','2024-12-26 21:24:11'),(46,14,'imagen2','image','storage/web_content_home/676dc97b793e8_1735248251.png','2024-12-26 21:24:11','2024-12-26 21:24:11'),(47,14,'video1','video','storage/web_content_home/676dc97b9bc58_1735248251.mp4','2024-12-26 21:24:11','2024-12-26 21:24:11'),(48,14,'video2','video','storage/web_content_home/676dc97bc0063_1735248251.mp4','2024-12-26 21:24:11','2024-12-26 21:24:11'),(49,15,'imagen1','image','storage/web_content_home/676dca0f7bc8b_1735248399.jpg','2024-12-26 21:26:39','2024-12-26 21:26:39'),(50,15,'imagen2','image','storage/web_content_home/676dca0fa1e18_1735248399.png','2024-12-26 21:26:39','2024-12-26 21:26:39'),(51,15,'video1','video','storage/web_content_home/676dca0fc6868_1735248399.mp4','2024-12-26 21:26:39','2024-12-26 21:26:39'),(52,15,'video2','video','storage/web_content_home/676dca0fec03e_1735248399.mp4','2024-12-26 21:26:39','2024-12-26 21:26:39'),(53,16,'imagen1','image','storage/web_content_home/676dca8259598_1735248514.jpg','2024-12-26 21:28:34','2024-12-26 21:28:34'),(54,16,'imagen2','image','storage/web_content_home/676dca827cf1b_1735248514.png','2024-12-26 21:28:34','2024-12-26 21:28:34'),(55,16,'video1','video','storage/web_content_home/676dca82a0cce_1735248514.mp4','2024-12-26 21:28:34','2024-12-26 21:28:34'),(56,16,'video2','video','storage/web_content_home/676dca82c4aa4_1735248514.mp4','2024-12-26 21:28:34','2024-12-26 21:28:34'),(57,17,'imagen1','image','storage/web_content_home/676dcae8a57a0_1735248616.jpg','2024-12-26 21:30:16','2024-12-26 21:30:16'),(58,17,'imagen2','image','storage/web_content_home/676dcae8cb239_1735248616.png','2024-12-26 21:30:16','2024-12-26 21:30:16'),(59,17,'video1','video','storage/web_content_home/676dcae8efbf5_1735248616.mp4','2024-12-26 21:30:16','2024-12-26 21:30:16'),(60,17,'video2','video','storage/web_content_home/676dcae91f7d8_1735248617.mp4','2024-12-26 21:30:17','2024-12-26 21:30:17'),(61,18,'imagen1','image','storage/web_content_home/676dcb1ce8b69_1735248668.jpg','2024-12-26 21:31:08','2024-12-26 21:31:08'),(62,18,'imagen2','image','storage/web_content_home/676dcb1d1840e_1735248669.png','2024-12-26 21:31:09','2024-12-26 21:31:09'),(63,18,'video1','video','storage/web_content_home/676dcb1d3bcb8_1735248669.mp4','2024-12-26 21:31:09','2024-12-26 21:31:09'),(64,18,'video2','video','storage/web_content_home/676dcb1d5feb9_1735248669.mp4','2024-12-26 21:31:09','2024-12-26 21:31:09'),(65,19,'imagen1','image','storage/web_content_home/676dcb2d90797_1735248685.jpg','2024-12-26 21:31:25','2024-12-26 21:31:25'),(66,19,'imagen2','image','storage/web_content_home/676dcb2db4825_1735248685.png','2024-12-26 21:31:25','2024-12-26 21:31:25'),(67,19,'video1','video','storage/web_content_home/676dcb2dd7f9a_1735248685.mp4','2024-12-26 21:31:25','2024-12-26 21:31:25'),(68,19,'video2','video','storage/web_content_home/676dcb2e0755e_1735248686.mp4','2024-12-26 21:31:26','2024-12-26 21:31:26'),(69,20,'imagen1','image','storage/web_content_home/676dcb801a84f_1735248768.jpg','2024-12-26 21:32:48','2024-12-26 21:32:48'),(70,20,'imagen2','image','storage/web_content_home/676dcb8041970_1735248768.png','2024-12-26 21:32:48','2024-12-26 21:32:48'),(71,20,'video1','video','storage/web_content_home/676dcb8066363_1735248768.mp4','2024-12-26 21:32:48','2024-12-26 21:32:48'),(72,20,'video2','video','storage/web_content_home/676dcb808b031_1735248768.mp4','2024-12-26 21:32:48','2024-12-26 21:32:48'),(73,21,'imagen1','image','storage/web_content_home/676dcbdcd6642_1735248860.jpg','2024-12-26 21:34:20','2024-12-26 21:34:20'),(74,21,'imagen2','image','storage/web_content_home/676dcbdd07cce_1735248861.png','2024-12-26 21:34:21','2024-12-26 21:34:21'),(75,21,'video1','video','storage/web_content_home/676dcbdd2fec9_1735248861.mp4','2024-12-26 21:34:21','2024-12-26 21:34:21'),(76,21,'video2','video','storage/web_content_home/676dcbdd55f53_1735248861.mp4','2024-12-26 21:34:21','2024-12-26 21:34:21'),(77,22,'imagen1','image','storage/web_content_home/676dcc7997a8d_1735249017.jpg','2024-12-26 21:36:57','2024-12-26 21:36:57'),(78,22,'imagen2','image','storage/web_content_home/676dcc79be98e_1735249017.png','2024-12-26 21:36:57','2024-12-26 21:36:57'),(79,22,'video1','video','storage/web_content_home/676dcc79e5d61_1735249017.mp4','2024-12-26 21:36:57','2024-12-26 21:36:57'),(80,22,'video2','video','storage/web_content_home/676dcc7a1753a_1735249018.mp4','2024-12-26 21:36:58','2024-12-26 21:36:58'),(81,23,'imagen1','image','storage/web_content_home/676dccd1bb573_1735249105.jpg','2024-12-26 21:38:25','2024-12-26 21:38:25'),(82,23,'imagen2','image','storage/web_content_home/676dccd1e2347_1735249105.png','2024-12-26 21:38:25','2024-12-26 21:38:25'),(83,23,'video1','video','storage/web_content_home/676dccd21475f_1735249106.mp4','2024-12-26 21:38:26','2024-12-26 21:38:26'),(84,23,'video2','video','storage/web_content_home/676dccd23a71c_1735249106.mp4','2024-12-26 21:38:26','2024-12-26 21:38:26'),(85,24,'imagen1','image','storage/web_content_home/676dcd4c4585f_1735249228.jpg','2024-12-26 21:40:28','2024-12-26 21:40:28'),(86,24,'imagen2','image','storage/web_content_home/676dcd4c699a2_1735249228.png','2024-12-26 21:40:28','2024-12-26 21:40:28'),(87,24,'video1','video','storage/web_content_home/676dcd4c8ffb7_1735249228.mp4','2024-12-26 21:40:28','2024-12-26 21:40:28'),(88,24,'video2','video','storage/web_content_home/676dcd4cb3ab3_1735249228.mp4','2024-12-26 21:40:28','2024-12-26 21:40:28'),(101,25,'imagen1','image','storage/web_content_home/676dcf826e69e_1735249794.jpg','2024-12-26 21:49:54','2024-12-26 21:49:54'),(102,25,'imagen2','image','storage/web_content_home/676dcf82d75a0_1735249794.png','2024-12-26 21:49:54','2024-12-26 21:49:54'),(103,25,'video1','video','storage/web_content_home/676dcf834d155_1735249795.mp4','2024-12-26 21:49:55','2024-12-26 21:49:55'),(104,25,'video2','video','storage/web_content_home/676dcf83b399a_1735249795.mp4','2024-12-26 21:49:55','2024-12-26 21:49:55'),(113,26,'imagen1','image','storage/web_content_home/676dd46b0794c_1735251051.jpg','2024-12-26 22:10:51','2024-12-26 22:10:51'),(114,26,'imagen2','image','storage/web_content_home/676dd46b29c13_1735251051.png','2024-12-26 22:10:51','2024-12-26 22:10:51'),(115,26,'video1','video','storage/web_content_home/676dd46b52cb6_1735251051.mp4','2024-12-26 22:10:51','2024-12-26 22:10:51'),(116,26,'video2','video','storage/web_content_home/676dd46b75276_1735251051.mp4','2024-12-26 22:10:51','2024-12-26 22:10:51'),(117,1,'imagen1','image','storage/web_content_home/676dd481c55f6_1735251073.jpg','2024-12-26 22:11:13','2024-12-26 22:11:13'),(118,1,'imagen2','image','storage/web_content_home/676dd4823fa5d_1735251074.png','2024-12-26 22:11:14','2024-12-26 22:11:14'),(119,1,'video1','video','storage/web_content_home/676dd482ada2d_1735251074.mp4','2024-12-26 22:11:14','2024-12-26 22:11:14'),(120,1,'video2','video','storage/web_content_home/676dd48326bdd_1735251075.mp4','2024-12-26 22:11:15','2024-12-26 22:11:15');
/*!40000 ALTER TABLE `web_content_home_files` ENABLE KEYS */;
UNLOCK TABLES;
/*!40103 SET TIME_ZONE=@OLD_TIME_ZONE */;

/*!40101 SET SQL_MODE=@OLD_SQL_MODE */;
/*!40014 SET FOREIGN_KEY_CHECKS=@OLD_FOREIGN_KEY_CHECKS */;
/*!40014 SET UNIQUE_CHECKS=@OLD_UNIQUE_CHECKS */;
/*!40101 SET CHARACTER_SET_CLIENT=@OLD_CHARACTER_SET_CLIENT */;
/*!40101 SET CHARACTER_SET_RESULTS=@OLD_CHARACTER_SET_RESULTS */;
/*!40101 SET COLLATION_CONNECTION=@OLD_COLLATION_CONNECTION */;
/*!40111 SET SQL_NOTES=@OLD_SQL_NOTES */;

-- Dump completed on 2025-01-16 17:50:39
